insert into calc_db.unitlist_attribute(att_id, att_desc, att_desc_lower, att_desc_jp, att_advantage_id) values(0, 'Fire', 'fire', '火', 3);
insert into calc_db.unitlist_attribute(att_id, att_desc, att_desc_lower, att_desc_jp, att_advantage_id) values(1, 'Water', 'water', '水', 0);
insert into calc_db.unitlist_attribute(att_id, att_desc, att_desc_lower, att_desc_jp, att_advantage_id) values(2, 'Thunder', 'thunder', '雷', 1);
insert into calc_db.unitlist_attribute(att_id, att_desc, att_desc_lower, att_desc_jp, att_advantage_id) values(3, 'Wind', 'wind', '風', 2);
insert into calc_db.unitlist_attribute(att_id, att_desc, att_desc_lower, att_desc_jp, att_advantage_id) values(4, 'Light', 'light', '光', 5);
insert into calc_db.unitlist_attribute(att_id, att_desc, att_desc_lower, att_desc_jp, att_advantage_id) values(5, 'Dark', 'dark', '闇', 4);
insert into calc_db.unitlist_attribute(att_id, att_desc, att_desc_lower, att_desc_jp, att_advantage_id) values(6, 'All', 'all', '全て', 0);
insert into calc_db.unitlist_attribute(att_id, att_desc, att_desc_lower, att_desc_jp, att_advantage_id) values(7, 'None', 'none', 'なし', 0);
insert into calc_db.unitlist_unittype(unit_type_id, unit_type_desc) values(0, 'char');
insert into calc_db.unitlist_unittype(unit_type_id, unit_type_desc) values(1, 'equip');
insert into calc_db.unitlist_role(role_id, role_desc, role_desc_jp) values(0, 'Sword', '剣士');
insert into calc_db.unitlist_role(role_id, role_desc, role_desc_jp) values(1, 'Fist', '格闘');
insert into calc_db.unitlist_role(role_id, role_desc, role_desc_jp) values(2, 'Bow', '射撃');
insert into calc_db.unitlist_role(role_id, role_desc, role_desc_jp) values(3, 'Support', '補助');
insert into calc_db.unitlist_role(role_id, role_desc, role_desc_jp) values(4, 'Special', '特殊');
insert into calc_db.unitlist_role(role_id, role_desc, role_desc_jp) values(5, 'None', 'なし');
insert into calc_db.unitlist_unit(unit_enable, unit_no, unit_id, sub_name, jp_name, rarity, skill_desc, skill_wait, gender, race, attribute_id, role_id, unit_type_id) values('1', '0', 'fire_dragon', '獄炎の龍王', 'ヴァーグナー', '5', '[立ち止まる]前方の敵に火ダメージ(x27)', '650', 'Male', 'Dragon', '0', '2', '0');
insert into calc_db.unitlist_unit(unit_enable, unit_no, unit_id, sub_name, jp_name, rarity, skill_desc, skill_wait, gender, race, attribute_id, role_id, unit_type_id) values('1', '1', 'pirates_girl', '星を渡る海賊船長', 'マリーナ', '5', '[生物マルボ]フィールド上部の敵に火ダメージ(x9)/子分の海賊(5/4.5)が参戦し(3/40%/30s)、ぶつけた敵に火ダメージ', '600', 'Female', 'Human', '0', '0', '0');
insert into calc_db.unitlist_unit(unit_enable, unit_no, unit_id, sub_name, jp_name, rarity, skill_desc, skill_wait, gender, race, attribute_id, role_id, unit_type_id) values('1', '2', 'clarisse', '未完の錬金術士', 'クラリス', '5', '前方に大爆発を設置し、その周囲の敵に火ダメージ(x12)/火属性耐性ダウン効果(25%/30s)/強化効果を1つ消去', '430', 'Female', 'Human / Sprite', '0', '4', '0');
insert into calc_db.unitlist_unit(unit_enable, unit_no, unit_id, sub_name, jp_name, rarity, skill_desc, skill_wait, gender, race, attribute_id, role_id, unit_type_id) values('1', '3', 'battle_maid_xm19', 'ドレッシー・メイド', 'マリアンネ', '5', '前方に設置したプレゼントに向かってレーザー弾を撃ち(x1.5)、命中した敵とその周囲に火ダメージ(x12)/火属性耐性ダウン効果(25%/20s)', '440', 'Female', 'Human', '0', '2', '0');
insert into calc_db.unitlist_unit(unit_enable, unit_no, unit_id, sub_name, jp_name, rarity, skill_desc, skill_wait, gender, race, attribute_id, role_id, unit_type_id) values('1', '4', 'compliment_oiran', '放浪の花魁', 'キクノ', '5', '[生物マルボ]『2回攻撃(25%)+貫通効果』を持つ赤鬼(7.5/12)と『浮遊+再生効果(50)』を持つ青鬼(12/7.5)を召喚(各1/40%/30s)し、ぶつけた敵に火ダメージ', '550', 'Female', 'Human / Youkai', '0', '1', '0');
insert into calc_db.unitlist_unit(unit_enable, unit_no, unit_id, sub_name, jp_name, rarity, skill_desc, skill_wait, gender, race, attribute_id, role_id, unit_type_id) values('1', '5', 'heavenly_one', '子国のアイドル', 'ノエネ', '5', '[立ち止まる]火属性リーダーの攻撃力アップ効果(50%/20s)/パーティ全体のパワーフリップダメージアップ効果(100%/20s)/参戦者全員のHPを回復(10%)【火属性キャラに対して効果アップ(50%)】', '500', 'Female', 'Human / Beast', '0', '3', '0');
insert into calc_db.unitlist_unit(unit_enable, unit_no, unit_id, sub_name, jp_name, rarity, skill_desc, skill_wait, gender, race, attribute_id, role_id, unit_type_id) values('1', '6', 'black_wolf_knight', '黒狼の騎士', 'ロルフ', '5', '[高速突進]大きな雄たけびでボスの弱点をすべて破壊+フィールド上のすべてのザコ敵に火ダメージ(x10.5)/最も近い敵に突進し、接触した敵に火ダメージ(x22.75)/味方に貫通効果(10s)', '540', 'Male', 'Human / Beast', '0', '0', '0');
insert into calc_db.unitlist_unit(unit_enable, unit_no, unit_id, sub_name, jp_name, rarity, skill_desc, skill_wait, gender, race, attribute_id, role_id, unit_type_id) values('1', '7', 'tiger_treasure_hunter_smr20', '夏に燃えるお宝虎娘', 'ミア', '5', '最も近い敵に急接近し、接触した敵に爪攻撃による火ダメージ(x10)/発動時に20コンボ以上の場合、追撃を行い火ダメージ(x8)', '330', 'Female', 'Human / Beast', '0', '1', '0');
insert into calc_db.unitlist_unit(unit_enable, unit_no, unit_id, sub_name, jp_name, rarity, skill_desc, skill_wait, gender, race, attribute_id, role_id, unit_type_id) values('1', '8', 'brown_fighter', '踊る水の華', 'ソーニャ', '5', '[範囲追撃]華麗な剣舞で、しばらくの間(6s)ぶつかった敵に水ダメージ(x13.8)【自身の強化効果数に応じてダメージアップ(10%)】/参戦者全員の攻撃力アップ効果(75%/20s)', '450', 'Female', 'Human', '1', '0', '0');
insert into calc_db.unitlist_unit(unit_enable, unit_no, unit_id, sub_name, jp_name, rarity, skill_desc, skill_wait, gender, race, attribute_id, role_id, unit_type_id) values('1', '9', 'onmyoji_boy', '稀代の陰陽師', 'スイゼン', '5', '[範囲追撃]自身の周囲に呪いの魔法陣を展開し、しばらくの間(10s)、近づいた敵に水ダメージ(x17.5)+毒効果(7500/40s)', '600', 'Male', 'Human / Youkai', '1', '3', '0');
insert into calc_db.unitlist_unit(unit_enable, unit_no, unit_id, sub_name, jp_name, rarity, skill_desc, skill_wait, gender, race, attribute_id, role_id, unit_type_id) values('1', '10', 'lightbullet_wiz_ny20', '水芸の羽子板娘', 'エリヤ', '5', '最も近い敵に水属性がついた羽子を連続で飛ばし、命中した敵に水ダメージ(x19.7)【コンボ数に応じてダメージアップ(0.5%)】', '530', 'Female', 'Human / Sprite', '1', '2', '0');
insert into calc_db.unitlist_unit(unit_enable, unit_no, unit_id, sub_name, jp_name, rarity, skill_desc, skill_wait, gender, race, attribute_id, role_id, unit_type_id) values('1', '11', 'ice_witch', '氷の魔女', 'サイファ', '5', '[立ち止まる]フィールド全体に水ダメージ(x12)（弱点破壊なし）+水属性耐性ダウン(20%/20s)+鈍足効果(20s)', '570', 'Female', 'Human / Sprite', '1', '2', '0');
insert into calc_db.unitlist_unit(unit_enable, unit_no, unit_id, sub_name, jp_name, rarity, skill_desc, skill_wait, gender, race, attribute_id, role_id, unit_type_id) values('1', '12', 'commander', '鋼の狼', 'シレーヌ', '5', '最も近い敵に向かって多段式弾道ミサイルを撃ち込み、その周囲の敵に水ダメージ(x22.5)/自身の攻撃力アップ効果(100%/15s)', '480', 'Female', 'Human', '1', '2', '0');
insert into calc_db.unitlist_unit(unit_enable, unit_no, unit_id, sub_name, jp_name, rarity, skill_desc, skill_wait, gender, race, attribute_id, role_id, unit_type_id) values('1', '13', 'lakeside_guardian', '竜の守人', 'リムニス', '5', '[前方移動]大槍を自身の周囲に振り回し、その後前方への連続突きで命中した敵に水ダメージ(x15)/味方に貫通効果(10s)/自身に直接攻撃ダメージアップ効果(100%/15s)', '480', 'Male', 'Human', '1', '0', '0');
insert into calc_db.unitlist_unit(unit_enable, unit_no, unit_id, sub_name, jp_name, rarity, skill_desc, skill_wait, gender, race, attribute_id, role_id, unit_type_id) values('1', '14', 'drawing_witch', '辺境の導き手', 'ラキーシャ', '5', '一時停止]パーティ全体に攻撃力アップ(100%/20s)+火属性耐性アップ効果(30%/20s)', '530', 'Female', 'Human / Sprite', '1', '3', '0');
insert into calc_db.unitlist_unit(unit_enable, unit_no, unit_id, sub_name, jp_name, rarity, skill_desc, skill_wait, gender, race, attribute_id, role_id, unit_type_id) values('1', '15', 'prince_zero_smr20', '波乗り王子', 'ラーゼルト', '5', '華麗に波を乗りこなし、水属性キャラに攻撃力アップ効果(75%/15s)+弱体効果を1つ回復/参戦者全員のHPを回復(8%)【水属性に対して効果アップ(50%)】+火属性耐性アップ効果(+30%/15s)', '600', 'Male', 'Human', '1', '0', '0');
insert into calc_db.unitlist_unit(unit_enable, unit_no, unit_id, sub_name, jp_name, rarity, skill_desc, skill_wait, gender, race, attribute_id, role_id, unit_type_id) values('1', '16', 'minamoto_sakura', 'ゾンビ１号', '源さくら', '5', '自身の前方に突然トラックが現れ、衝突した敵に水ダメージ / パワーフリップダメージアップ効果(75%/20s)', '470', 'Female', 'Human / Undead', '1', '1', '0');
insert into calc_db.unitlist_unit(unit_enable, unit_no, unit_id, sub_name, jp_name, rarity, skill_desc, skill_wait, gender, race, attribute_id, role_id, unit_type_id) values('1', '17', 'fox_oracle', '九尾の継承者', 'イナホ', '5', 'フィールド全体の敵に雷ダメージ(x18)(弱点破壊なし)+マヒ効果(10s)', '630', 'Female', 'Youkai', '2', '4', '0');
insert into calc_db.unitlist_unit(unit_enable, unit_no, unit_id, sub_name, jp_name, rarity, skill_desc, skill_wait, gender, race, attribute_id, role_id, unit_type_id) values('1', '18', 'cagliostro', '開闢の錬金術師', 'カリオストロ', '5', '前方にウロボロスを設置し、その周囲の敵に雷ダメージ(x14.5)/参戦者全員のHPを回復(10%)【雷属性キャラに対して効果アップ(50%)】', '580', 'Female', 'Human / Sprite', '2', '3', '0');
insert into calc_db.unitlist_unit(unit_enable, unit_no, unit_id, sub_name, jp_name, rarity, skill_desc, skill_wait, gender, race, attribute_id, role_id, unit_type_id) values('1', '19', 'samurai_xm19', '聖夜のサムライ', 'ソウシロウ', '5', '[立ち止まる]五つ星に切り裂く剣技を放ち、命中した敵に雷ダメージ(x18.3)【コンボ数に応じてダメージアップ(0.5%)】+フィーバーゲージ増加(100)', '570', 'Male', 'Human', '2', '0', '0');
insert into calc_db.unitlist_unit(unit_enable, unit_no, unit_id, sub_name, jp_name, rarity, skill_desc, skill_wait, gender, race, attribute_id, role_id, unit_type_id) values('1', '20', 'thunder_archer', '豪遊する雷弓使い', 'メーティス', '5', '[一時停止]最も近い敵に向かって天高く打ち上げた雷矢の雨を降らせ、その周囲の敵に雷ダメージ(x24)【マヒ効果中の敵へのダメージアップ(25%)】', '440', 'Female', 'Human', '2', '2', '0');
insert into calc_db.unitlist_unit(unit_enable, unit_no, unit_id, sub_name, jp_name, rarity, skill_desc, skill_wait, gender, race, attribute_id, role_id, unit_type_id) values('1', '21', 'mighty_striker', '迅雷の拳王', 'バラク', '5', '[立ち止まる]前方に電光石火の拳と雷鳴の如き強烈な蹴りを繰り出し、その周囲の敵に雷ダメージ(x25.5)/リーダーが雷属性の時、パワーフリップダメージアップ効果(100%/15s)/自身の攻撃力アップ効果(50%/15s)', '520', 'Male', 'Human', '2', '1', '0');
insert into calc_db.unitlist_unit(unit_enable, unit_no, unit_id, sub_name, jp_name, rarity, skill_desc, skill_wait, gender, race, attribute_id, role_id, unit_type_id) values('1', '22', 'machine_police_girl', '忠義の撃鉄', 'セラ', '5', '[一時停止]マシンガンを連射し、フィールド全体に雷ダメージ/更に、フィールド上のすべての敵にロケットを発射し、命中した敵に雷ダメージ(x21)', '510', 'Female', 'Human / Mecha', '2', '2', '0');
insert into calc_db.unitlist_unit(unit_enable, unit_no, unit_id, sub_name, jp_name, rarity, skill_desc, skill_wait, gender, race, attribute_id, role_id, unit_type_id) values('1', '23', 'big_gunner', 'チャキチャキ花火師', 'ボタン', '5', '[立ち止まる]前方に特製の花火玉を打ち出し、命中した敵とその周囲に雷ダメージ(x25)【コンボ数に応じてダメージアップ(0.5%)】', '600', 'Female', 'Human', '2', '2', '0');
insert into calc_db.unitlist_unit(unit_enable, unit_no, unit_id, sub_name, jp_name, rarity, skill_desc, skill_wait, gender, race, attribute_id, role_id, unit_type_id) values('1', '24', 'illusionist_smr20', '真夏の奇術師', 'イルミ', '5', '戦場を彩るイリュージョンにより仲間を鼓舞し、フィーバーゲージ増加(100)/リーダーが雷属性の時、パーティ全体のスキルダメージアップ(75%/15s)+パワーフリップダメージアップ効果(75%/15s)', '550', 'Female', 'Human / Sprite', '2', '4', '0');
insert into calc_db.unitlist_unit(unit_enable, unit_no, unit_id, sub_name, jp_name, rarity, skill_desc, skill_wait, gender, race, attribute_id, role_id, unit_type_id) values('1', '25', 'dimension_witch_smr20', '深淵の淑女', 'ベルセティア', '5', '【HP50%以上】自身のHPと引き換え(20%)に自身のスキルゲージ増加(15%)+雷属性キャラに攻撃力アップ効果(50%/15s)/【HP50%未満】前方に狭間を形成し命中した敵に雷属性ダメージ(x23)【マヒ効果中の敵へのダメージアップ(25%)】', '620', 'Female', 'Human / Sprite', '2', '2', '0');
insert into calc_db.unitlist_unit(unit_enable, unit_no, unit_id, sub_name, jp_name, rarity, skill_desc, skill_wait, gender, race, attribute_id, role_id, unit_type_id) values('1', '26', 'wind_spgirl', '可憐なる剣鬼', 'シルティー', '5', '[一時停止]疾風の如き剣さばきで、前方と後方の敵に風ダメージ(x21)【コンボ数に応じてダメージアップ(0.5%)】', '310', 'Female', 'Human', '3', '0', '0');
insert into calc_db.unitlist_unit(unit_enable, unit_no, unit_id, sub_name, jp_name, rarity, skill_desc, skill_wait, gender, race, attribute_id, role_id, unit_type_id) values('1', '27', 'wind_oracle', '宿命の戦巫女', 'フィリア', '5', '参戦者全員のHPを回復(10%)【風属性キャラに対して効果アップ(50%)】/味方に浮遊効果(12s)', '500', 'Female', 'Human / Sprite', '3', '3', '0');
insert into calc_db.unitlist_unit(unit_enable, unit_no, unit_id, sub_name, jp_name, rarity, skill_desc, skill_wait, gender, race, attribute_id, role_id, unit_type_id) values('1', '28', 'katana_ghost', '霊刀の宿精', 'ムラクモ', '5', '[一時停止]自身の攻撃力アップ効果(250%/15s)+ブレイク・ダウン中の敵に与えるダメージアップ効果(50%/15s)', '510', 'Male', 'Undead / Sprite', '3', '0', '0');
insert into calc_db.unitlist_unit(unit_enable, unit_no, unit_id, sub_name, jp_name, rarity, skill_desc, skill_wait, gender, race, attribute_id, role_id, unit_type_id) values('1', '29', 'mercenary', '揺らぎの生還者', 'レオン', '5', '[立ち止まる]前方に向かって竜巻を設置し、その周囲の敵に風属性ダメージ(x32.4)/参戦者の攻撃力アップ効果(60%/15s)', '490', 'Male', 'Human', '3', '0', '0');
insert into calc_db.unitlist_unit(unit_enable, unit_no, unit_id, sub_name, jp_name, rarity, skill_desc, skill_wait, gender, race, attribute_id, role_id, unit_type_id) values('1', '30', 'bigwing_shaman', '大翼の精霊使い', 'シウエ', '5', '前方に精霊を設置し、精霊とともに暴風を当てその周囲の敵に風ダメージ(x18)【コンボ数に応じてダメージアップ(0.5%)】/味方に浮遊効果(12s)', '480', 'Female', 'Human / Sprite', '3', '3', '0');
insert into calc_db.unitlist_unit(unit_enable, unit_no, unit_id, sub_name, jp_name, rarity, skill_desc, skill_wait, gender, race, attribute_id, role_id, unit_type_id) values('1', '31', 'gentle_barten', '天翔ける外交官', 'ミゲル', '5', 'リーダーのHPを回復(10%)【風属性キャラに対して効果アップ(50%)】/風属性キャラの攻撃力アップ効果(75%/15s)/パワーフリップダメージアップ効果(75%/15s)', '450', 'Male', 'Human', '3', '4', '0');
insert into calc_db.unitlist_unit(unit_enable, unit_no, unit_id, sub_name, jp_name, rarity, skill_desc, skill_wait, gender, race, attribute_id, role_id, unit_type_id) values('1', '32', 'kokkoro', '小さなガイド役', 'コッコロ', '5', '自身のHPを回復(10%)【風属性キャラに対して効果アップ(50%)】/風属性キャラに攻撃力アップ(60%/15s)/リーダーが風属性の時、味方にスピードアップ効果(40%/12s)', '600', 'Female', 'Human / Sprite', '3', '3', '0');
insert into calc_db.unitlist_unit(unit_enable, unit_no, unit_id, sub_name, jp_name, rarity, skill_desc, skill_wait, gender, race, attribute_id, role_id, unit_type_id) values('1', '33', 'wind_dragon', '災いの旋風龍', 'シュルト', '5', '自身の周囲に暴風を引き起こし命中した敵に風ダメージ(x18)/発動時に100コンボ以上の場合、追加で自身の攻撃力アップ効果(75%/15s)', '600', 'Male', 'Dragon', '3', '1', '0');
insert into calc_db.unitlist_unit(unit_enable, unit_no, unit_id, sub_name, jp_name, rarity, skill_desc, skill_wait, gender, race, attribute_id, role_id, unit_type_id) values('1', '34', 'nikaido_saki', 'ゾンビ２号', '二階堂サキ', '5', '前方に向かって単車で突っ走り、激突した敵に風ダメージ / リーダーが風属性の時、パワーフリップダメージアップ効果(75%/15s) ＋ 味方にスピードアップ効果(+20%/10s)', '500', 'Female', 'Human / Undead', '3', '1', '0');
insert into calc_db.unitlist_unit(unit_enable, unit_no, unit_id, sub_name, jp_name, rarity, skill_desc, skill_wait, gender, race, attribute_id, role_id, unit_type_id) values('1', '35', 'ruin_girl', '目覚めた古代兵器', 'ネフティム', '5', '[爆弾マルボ]隕石群を呼び寄せ(3)、ぶつけた敵とその周囲に光ダメージ(x27)/フィーバーゲージ増加(60)', '550', 'Female', 'Human', '4', '4', '0');
insert into calc_db.unitlist_unit(unit_enable, unit_no, unit_id, sub_name, jp_name, rarity, skill_desc, skill_wait, gender, race, attribute_id, role_id, unit_type_id) values('1', '36', 'prince_zero', '流浪の王子', 'ラーゼルト', '5', '[一時停止]パーティ全体に弱体耐性アップ(100%/15s)+攻撃力アップ(50%/15s)+全属性耐性アップ(20%/15s)+再生効果(100/10s)', '530', 'Male', 'Human', '4', '0', '0');
insert into calc_db.unitlist_unit(unit_enable, unit_no, unit_id, sub_name, jp_name, rarity, skill_desc, skill_wait, gender, race, attribute_id, role_id, unit_type_id) values('1', '37', 'bodysuit_trooper', '七彩の剣闘士', 'エクリール', '5', '[高速突進]進行方向の敵を一閃し、接触した敵に光ダメージ(x18)/わずかな間、味方に貫通効果(0.2s)', '310', 'Female', 'Human', '4', '0', '0');
insert into calc_db.unitlist_unit(unit_enable, unit_no, unit_id, sub_name, jp_name, rarity, skill_desc, skill_wait, gender, race, attribute_id, role_id, unit_type_id) values('1', '38', 'fox_oracle_xm19', '可憐な九尾', 'イナホ', '5', '[立ち止まる]参戦者のHPを回復(10%)【光属性キャラに対して効果アップ(50%)】/フィーバーゲージ増加(42)', '500', 'Female', 'Youkai', '4', '4', '0');
insert into calc_db.unitlist_unit(unit_enable, unit_no, unit_id, sub_name, jp_name, rarity, skill_desc, skill_wait, gender, race, attribute_id, role_id, unit_type_id) values('1', '39', 'starbreak_hunter', '神速のシューター', 'タージェス', '5', '[単発追撃]最初に接触した敵に光ダメージ(x20.75)/自身のブレイク・ダウン中の敵に与えるダメージアップ効果(50%)', '380', 'Male', 'Human / Mecha', '4', '0', '0');
insert into calc_db.unitlist_unit(unit_enable, unit_no, unit_id, sub_name, jp_name, rarity, skill_desc, skill_wait, gender, race, attribute_id, role_id, unit_type_id) values('1', '40', 'combat_soldier', '自由の弾丸', 'バレッタ', '5', '[立ち止まる]前方にビームを放ち、命中した敵に光ダメージ(x18)/パワーフリップダメージアップ効果(100%/20s)', '460', 'Female', 'Human / Mecha', '4', '2', '0');
insert into calc_db.unitlist_unit(unit_enable, unit_no, unit_id, sub_name, jp_name, rarity, skill_desc, skill_wait, gender, race, attribute_id, role_id, unit_type_id) values('1', '41', 'blade_dancer', '尊大なる交渉者', 'リーブラム', '5', '自身の前方に七つの刀剣を展開、発動し命中した敵に光ダメージ(x27)+刀剣が命中するたびに自身に攻撃力アップ効果(100%/15s)', '450', 'Male', 'Human', '4', '0', '0');
insert into calc_db.unitlist_unit(unit_enable, unit_no, unit_id, sub_name, jp_name, rarity, skill_desc, skill_wait, gender, race, attribute_id, role_id, unit_type_id) values('1', '42', 'ruin_girl_halfanv', '祝祭の美少女兵器', 'ネフティム', '5', '光属性パーティメンバーに再生効果(150/10s)/フィーバー中発動の場合、追加で光属性パーティメンバーに連撃効果(20%/10s)', '450', 'Female', 'Human', '4', '4', '0');
insert into calc_db.unitlist_unit(unit_enable, unit_no, unit_id, sub_name, jp_name, rarity, skill_desc, skill_wait, gender, race, attribute_id, role_id, unit_type_id) values('1', '43', 'pecorine', '旅の腹ペコ剣士', 'ペコリーヌ', '5', '[立ち止まる]渾身の3連撃を繰り出し、自身の周囲の敵に光ダメージ(x18)/自身に再生(150/10s)+全属性耐性アップ効果(25%/15s)', '480', 'Female', 'Human', '4', '0', '0');
insert into calc_db.unitlist_unit(unit_enable, unit_no, unit_id, sub_name, jp_name, rarity, skill_desc, skill_wait, gender, race, attribute_id, role_id, unit_type_id) values('1', '44', 'neoviolin_musician', 'ネオヴァイオリン奏者', 'リーラ', '5', 'フィールド全体に向けて優雅に旋律を奏で、一定間隔で全ての敵に光ダメージ(x16)(弱点破壊なし)/光属性キャラに攻撃力アップ効果(50%/15s)/自身に連撃効果(25%/12s)', '530', 'Female', 'Human', '4', '4', '0');
insert into calc_db.unitlist_unit(unit_enable, unit_no, unit_id, sub_name, jp_name, rarity, skill_desc, skill_wait, gender, race, attribute_id, role_id, unit_type_id) values('1', '45', 'high_priestess', 'ファトマの聖女', 'オルヴェール', '5', '最も近い神罰を下し、光属性ダメージ(強化数に応じてダメージアップ)/光属性パーティメンバーに攻撃力アップ効果', '510', 'Female', 'Human', '4', '2', '0');
insert into calc_db.unitlist_unit(unit_enable, unit_no, unit_id, sub_name, jp_name, rarity, skill_desc, skill_wait, gender, race, attribute_id, role_id, unit_type_id) values('1', '46', 'lamp_guide', '灯火の導き手', 'フィラメリア', '5', 'ランプの光で癒し、参戦者全員のHPを回復(光属性キャラに対して効果アップ)/パーティ全体にバリア効果&弱体効果を2つ回復', '530', 'Female', 'Human', '4', '3', '0');
insert into calc_db.unitlist_unit(unit_enable, unit_no, unit_id, sub_name, jp_name, rarity, skill_desc, skill_wait, gender, race, attribute_id, role_id, unit_type_id) values('1', '47', 'dimension_witch', '次元の魔女', 'ベルセティア', '5', '[一時停止]最も近い敵に向かって狭間の門を開き続け、自身のHPと引き換え(20%)に、その方向にいる敵に闇ダメージ(x24)', '560', 'Female', 'Human / Sprite', '5', '2', '0');
insert into calc_db.unitlist_unit(unit_enable, unit_no, unit_id, sub_name, jp_name, rarity, skill_desc, skill_wait, gender, race, attribute_id, role_id, unit_type_id) values('1', '48', 'veteran_hunter', '老巧の狩人', 'ヴェロン', '5', '[範囲追撃]しばらくの間(10s)、近づいた敵に闇ダメージ(x27)/自身に攻撃力アップ効果(100%/12.6s)/味方に貫通効果(12.6s)', '610', 'Male', 'Human', '5', '0', '0');
insert into calc_db.unitlist_unit(unit_enable, unit_no, unit_id, sub_name, jp_name, rarity, skill_desc, skill_wait, gender, race, attribute_id, role_id, unit_type_id) values('1', '49', 'blade_witch', '流浪の魔剣士', 'モルミア', '5', '[低速突進]最も近い敵に向かいながら魔法剣による斬撃を繰り出し、さらに開放した魔力で周囲の敵に闇ダメージ(x22)', '520', 'Female', 'Human / Sprite', '5', '0', '0');
insert into calc_db.unitlist_unit(unit_enable, unit_no, unit_id, sub_name, jp_name, rarity, skill_desc, skill_wait, gender, race, attribute_id, role_id, unit_type_id) values('1', '50', 'cursed_girl', '蛇影と笑う少女', 'カーラ', '5', '[接触追撃]しばらくの間(8s)、自身の周囲の敵に闇ダメージ(x15.6)+毒効果(5000/30s)/味方に貫通効果(12s)', '550', 'Female', 'Human / Sprite', '5', '1', '0');
insert into calc_db.unitlist_unit(unit_enable, unit_no, unit_id, sub_name, jp_name, rarity, skill_desc, skill_wait, gender, race, attribute_id, role_id, unit_type_id) values('1', '51', 'olivia', '堕天使', 'オリヴィエ', '5', '[一時停止]自身の正面に闇の斬撃を飛ばし、命中した敵に闇ダメージ(x16)+攻撃力ダウン(20%/20s)+鈍足効果(20s)/味方に貫通効果(12s)', '620', 'Female', 'Human / Sprite', '5', '0', '0');
insert into calc_db.unitlist_unit(unit_enable, unit_no, unit_id, sub_name, jp_name, rarity, skill_desc, skill_wait, gender, race, attribute_id, role_id, unit_type_id) values('1', '52', 'kyaru', 'ネコミミ魔法使い', 'キャル', '5', '[立ち止まる]フィールド全体に闇ダメージ(x21.6)', '500', 'Female', 'Human / Beast', '5', '4', '0');
insert into calc_db.unitlist_unit(unit_enable, unit_no, unit_id, sub_name, jp_name, rarity, skill_desc, skill_wait, gender, race, attribute_id, role_id, unit_type_id) values('1', '53', 'alice_smr20', 'マリン・ナイトメア', 'アリス', '5', '自身の周囲にナイトメアを展開し、命中した敵に闇ダメージ(x30)/自身にバリア効果(10%)/味方に浮遊効果(12s)', '550', 'Female', 'Human / Sprite', '5', '1', '0');
insert into calc_db.unitlist_unit(unit_enable, unit_no, unit_id, sub_name, jp_name, rarity, skill_desc, skill_wait, gender, race, attribute_id, role_id, unit_type_id) values('0', '54', 'alk', '星行く少年', 'アルク', '4', '[立ち止まる]自身の周囲の敵に火ダメージ(x10)/参戦者に攻撃力アップ効果(50%/15s)', '450', 'Male', 'Human', '0', '0', '0');
insert into calc_db.unitlist_unit(unit_enable, unit_no, unit_id, sub_name, jp_name, rarity, skill_desc, skill_wait, gender, race, attribute_id, role_id, unit_type_id) values('0', '55', 'dragon_slayer', 'ドラゴンを狩る者', 'アゼル', '4', '[高速突進]最も近い敵に向かい、進行方向の敵に火ダメージ(x15)【種族「ドラゴン」へのダメージアップ(50%)】/味方に貫通効果(10s)', '540', 'Male', 'Human', '0', '0', '0');
insert into calc_db.unitlist_unit(unit_enable, unit_no, unit_id, sub_name, jp_name, rarity, skill_desc, skill_wait, gender, race, attribute_id, role_id, unit_type_id) values('0', '56', 'lady_summoner', '蠱惑の召喚術師', 'ビアンカ', '4', 'ペットのドラゴンをけしかけ、フィールド上部から下部にかけて火ダメージ(x15)/火属性耐性ダウン効果(25%/30s)', '470', 'Female', 'Human', '0', '3', '0');
insert into calc_db.unitlist_unit(unit_enable, unit_no, unit_id, sub_name, jp_name, rarity, skill_desc, skill_wait, gender, race, attribute_id, role_id, unit_type_id) values('0', '57', 'kunoichi', '忍ばずの忍者', 'ハナビ', '4', '[爆弾マルボ][一時停止]特製の爆弾を取り出し(5)、ぶつけた敵とその周囲の敵に火ダメージ(x21)', '290', 'Female', 'Human', '0', '1', '0');
insert into calc_db.unitlist_unit(unit_enable, unit_no, unit_id, sub_name, jp_name, rarity, skill_desc, skill_wait, gender, race, attribute_id, role_id, unit_type_id) values('0', '58', 'half_oni_boy', '鬼神の血統', 'アスキリマル', '4', '[低速突進]最も近い敵に向かいながら怒涛の打撃を繰り出し、自身の周囲の敵に火ダメージ(x27)', '650', 'Male', 'Human / Youkai', '0', '1', '0');
insert into calc_db.unitlist_unit(unit_enable, unit_no, unit_id, sub_name, jp_name, rarity, skill_desc, skill_wait, gender, race, attribute_id, role_id, unit_type_id) values('0', '59', 'master_knight', '剛盾の剣士', 'グライド', '4', '[立ち止まる]触れると爆裂する火炎斬を自身の正面に飛ばし、命中した敵とその周囲に火ダメージ(x22.5)/自身に攻撃力アップ効果(100%/15s)', '560', 'Male', 'Human', '0', '0', '0');
insert into calc_db.unitlist_unit(unit_enable, unit_no, unit_id, sub_name, jp_name, rarity, skill_desc, skill_wait, gender, race, attribute_id, role_id, unit_type_id) values('0', '60', 'red_gunner', '赤髪のダブルガンナー', 'カノン', '4', '前方にいる敵に火ダメージ(x35.2)【コンボ数に応じてダメージアップ(0.5%)】', '400', 'Female', 'Human', '0', '2', '0');
insert into calc_db.unitlist_unit(unit_enable, unit_no, unit_id, sub_name, jp_name, rarity, skill_desc, skill_wait, gender, race, attribute_id, role_id, unit_type_id) values('0', '61', 'reporter_ny20', '書初めの伝道記者', 'リュリュカ', '4', 'パーティ全体にパワーフリップダメージアップ効果(100%/25s)', '430', 'Female', 'Human', '0', '0', '0');
insert into calc_db.unitlist_unit(unit_enable, unit_no, unit_id, sub_name, jp_name, rarity, skill_desc, skill_wait, gender, race, attribute_id, role_id, unit_type_id) values('0', '62', 'shapely_soldier', '美しすぎる冒険家', 'レヴィ', '4', '[低速突進]最も近い敵に向かいながらの高速連撃で、進行方向の敵に火ダメージ(x16)【自身の強化効果数に応じてダメージアップ(10%)】', '450', 'Female', 'Human', '0', '0', '0');
insert into calc_db.unitlist_unit(unit_enable, unit_no, unit_id, sub_name, jp_name, rarity, skill_desc, skill_wait, gender, race, attribute_id, role_id, unit_type_id) values('0', '63', 'crybaby_shooter', '泣き虫ガンガール', 'キリ', '4', '[一時停止]前方に散弾銃をばらまき、命中した敵に火ダメージ(x31)', '480', 'Female', 'Human', '0', '2', '0');
insert into calc_db.unitlist_unit(unit_enable, unit_no, unit_id, sub_name, jp_name, rarity, skill_desc, skill_wait, gender, race, attribute_id, role_id, unit_type_id) values('0', '64', 'pirates_gunner', '暴走する弾丸', 'ヘイズ', '4', '[一時停止]信号弾を設置し、その位置に海賊船からの支援砲撃を連続で落とさせ、命中した敵に火ダメージ(x16)', '450', 'Male', 'Human', '0', '2', '0');
insert into calc_db.unitlist_unit(unit_enable, unit_no, unit_id, sub_name, jp_name, rarity, skill_desc, skill_wait, gender, race, attribute_id, role_id, unit_type_id) values('0', '65', 'sanctuary_guard', '内気な武術家', 'ミルミナ', '4', '[低速突進]最も近い敵に向かって神速の突きで奇襲し、進行方向の敵に火ダメージ(x20)/味方に貫通効果(10s)', '590', 'Female', 'Human', '0', '0', '0');
insert into calc_db.unitlist_unit(unit_enable, unit_no, unit_id, sub_name, jp_name, rarity, skill_desc, skill_wait, gender, race, attribute_id, role_id, unit_type_id) values('0', '66', 'magic_sword_girl', '魔剣に魅入られた少女', 'ナシール', '4', '魔剣による燃え盛る炎で前方を焼き尽くし、命中した敵とその周囲に火ダメージ(x38)', '750', 'Female', 'Human', '0', '0', '0');
insert into calc_db.unitlist_unit(unit_enable, unit_no, unit_id, sub_name, jp_name, rarity, skill_desc, skill_wait, gender, race, attribute_id, role_id, unit_type_id) values('0', '67', 'vigilante_boy', '正義の炎', 'クラマル', '4', '最も近い敵に向かって突進しながら連続で斬りかかり、さらに✕字に斬り払って火ダメージ / 自身に直接攻撃ダメージアップ効果', '430', 'Male', 'Human', '0', '0', '0');
insert into calc_db.unitlist_unit(unit_enable, unit_no, unit_id, sub_name, jp_name, rarity, skill_desc, skill_wait, gender, race, attribute_id, role_id, unit_type_id) values('0', '68', 'yugiri', 'ゾンビ５号', 'ゆうぎり', '4', '平手打ちで喝を入れ、自身以外のパーティメンバーに対してHPと引き換えに、スキルゲージ増加(10%) ＋ スキルダメージアップ効果(+100%/15s)', '550', 'Female', 'Human / Undead', '0', '1', '0');
insert into calc_db.unitlist_unit(unit_enable, unit_no, unit_id, sub_name, jp_name, rarity, skill_desc, skill_wait, gender, race, attribute_id, role_id, unit_type_id) values('0', '69', 'swallow_knight', '飛燕の自由騎士', 'ユーウェル', '4', '[範囲追撃]自身の周囲に氷塊を展開し、しばらくの間(10s)、近づいた敵に水ダメージ(x15)+鈍足効果(20s)', '620', 'Male', 'Human', '1', '0', '0');
insert into calc_db.unitlist_unit(unit_enable, unit_no, unit_id, sub_name, jp_name, rarity, skill_desc, skill_wait, gender, race, attribute_id, role_id, unit_type_id) values('0', '70', 'bishop_girl', '迷宮の天使', 'リーゼル', '4', '参戦者全員のHPを回復(8%)【水属性キャラに対して効果アップ(50%)】+攻撃力アップ効果(50%/15s)', '500', 'Female', 'Human', '1', '3', '0');
insert into calc_db.unitlist_unit(unit_enable, unit_no, unit_id, sub_name, jp_name, rarity, skill_desc, skill_wait, gender, race, attribute_id, role_id, unit_type_id) values('0', '71', 'mermaid', '深海の人魚姫', 'アメリア', '4', '前方に巨大な水流を設置し、その周囲の敵に水ダメージ(x16)/フィーバーゲージ増加(40)', '470', 'Female', 'Human / Aquatic', '1', '3', '0');
insert into calc_db.unitlist_unit(unit_enable, unit_no, unit_id, sub_name, jp_name, rarity, skill_desc, skill_wait, gender, race, attribute_id, role_id, unit_type_id) values('0', '72', 'alice', '漂流の魔法少女', 'アリス', '4', '傘を連続で突き出し(1.5s)、進行方向の敵に水ダメージ(x12)/味方に浮遊効果(8s)', '380', 'Female', 'Human / Sprite', '1', '1', '0');
insert into calc_db.unitlist_unit(unit_enable, unit_no, unit_id, sub_name, jp_name, rarity, skill_desc, skill_wait, gender, race, attribute_id, role_id, unit_type_id) values('0', '73', 'battle_guild_staff', '戦うギルド職員', 'シャロン', '4', '[立ち止まる]鉄球を地面に叩きつけ、自身の正面の敵に水ダメージ(x22.5)+水属性耐性ダウン効果(25%/20s)', '450', 'Female', 'Human', '1', '1', '0');
insert into calc_db.unitlist_unit(unit_enable, unit_no, unit_id, sub_name, jp_name, rarity, skill_desc, skill_wait, gender, race, attribute_id, role_id, unit_type_id) values('0', '74', 'spry_sailor', '海駆ける士官', 'ラナー', '4', '味方に浮遊(15s)+貫通効果(15s)', '500', 'Male', 'Human', '1', '0', '0');
insert into calc_db.unitlist_unit(unit_enable, unit_no, unit_id, sub_name, jp_name, rarity, skill_desc, skill_wait, gender, race, attribute_id, role_id, unit_type_id) values('0', '75', 'deepsea_mage', '深海の怪人', 'ザール', '4', '[一時停止]最も近い敵に向かって毒薬入りの水流を浴びせ、その方向にいる敵に水ダメージ(x9)+毒効果(5333/30s)', '500', 'Male', 'Human / Aquatic', '1', '4', '0');
insert into calc_db.unitlist_unit(unit_enable, unit_no, unit_id, sub_name, jp_name, rarity, skill_desc, skill_wait, gender, race, attribute_id, role_id, unit_type_id) values('0', '76', 'desert_wizard', '砂塵の魔具使い', 'モルディアーガ', '4', '前方の敵に水ダメージ(x28.5)', '540', 'Male', 'Human / Sprite', '1', '1', '0');
insert into calc_db.unitlist_unit(unit_enable, unit_no, unit_id, sub_name, jp_name, rarity, skill_desc, skill_wait, gender, race, attribute_id, role_id, unit_type_id) values('0', '77', 'onmyo_attendant', '白蛇の陰陽師', 'ミズチ', '4', '毒雲と白蛇を前方に設置し、命中した敵に水ダメージ(x13.5)+毒効果(6000/30s)+強化効果を1つ消去', '500', 'Female', 'Human / Youkai', '1', '4', '0');
insert into calc_db.unitlist_unit(unit_enable, unit_no, unit_id, sub_name, jp_name, rarity, skill_desc, skill_wait, gender, race, attribute_id, role_id, unit_type_id) values('0', '78', 'psycho_reaper', '壊れた精霊薬師', 'ソーヴィ', '4', '[接触追撃]しばらくの間(10s)、ぶつかった敵に鎌で斬りつけ水ダメージ(x24)/自身のブレイク・ダウン中の敵に与えるダメージアップ効果(30%/15s)', '490', 'Female', 'Human', '1', '0', '0');
insert into calc_db.unitlist_unit(unit_enable, unit_no, unit_id, sub_name, jp_name, rarity, skill_desc, skill_wait, gender, race, attribute_id, role_id, unit_type_id) values('0', '79', 'unicorn_lancer_smr20', '渚の覆面騎士', 'ジェラール', '4', '銛を掲げ最も近い敵に突進し命中した敵に水ダメージ(x22)', '520', 'Male', 'Human', '1', '0', '0');
insert into calc_db.unitlist_unit(unit_enable, unit_no, unit_id, sub_name, jp_name, rarity, skill_desc, skill_wait, gender, race, attribute_id, role_id, unit_type_id) values('0', '80', 'pirates_girl_smr20', '常夏の女海賊', 'マリーナ', '4', '[高速突進]最も近い敵に急接近し斬りつけた後、目の前の敵に向かってロケットランチャーを放ち、命中した敵に水ダメージ(x18) / 自身に連撃効果(30%/10s)', '460', 'Female', 'Human', '1', '0', '0');
insert into calc_db.unitlist_unit(unit_enable, unit_no, unit_id, sub_name, jp_name, rarity, skill_desc, skill_wait, gender, race, attribute_id, role_id, unit_type_id) values('0', '81', 'thunder_dragon', '夢幻の雷龍', 'ラムス', '4', '最も近い敵に落雷を落とし、その周囲の敵に雷ダメージ(x22.5)【マヒ効果中の敵へのダメージアップ(25%)】', '390', 'Female', 'Dragon', '2', '4', '0');
insert into calc_db.unitlist_unit(unit_enable, unit_no, unit_id, sub_name, jp_name, rarity, skill_desc, skill_wait, gender, race, attribute_id, role_id, unit_type_id) values('0', '82', 'fox_scientist', '笑う科学者', 'ルナール', '4', '[一時停止]前方に爆発性の実験薬を投げ、その周囲の敵に雷ダメージ(x18)+雷属性耐性ダウン(25%/20s)+マヒ効果(10s)', '500', 'Female', 'Human / Beast', '2', '4', '0');
insert into calc_db.unitlist_unit(unit_enable, unit_no, unit_id, sub_name, jp_name, rarity, skill_desc, skill_wait, gender, race, attribute_id, role_id, unit_type_id) values('0', '83', 'rec_android', '機人の紳士', 'レジス', '4', '[立ち止まる]最も近い敵に向かって高エネルギーのレーザー砲を発射し、その方向にいる敵に雷ダメージ(x24)', '620', 'Male', 'Human / Mecha', '2', '2', '0');
insert into calc_db.unitlist_unit(unit_enable, unit_no, unit_id, sub_name, jp_name, rarity, skill_desc, skill_wait, gender, race, attribute_id, role_id, unit_type_id) values('0', '84', 'elf_soldier', '星の焔', 'エレンノール', '4', '[一時停止]雷をまとった回転斬りを連続で放ち、周囲の敵に雷ダメージ(x15)【鈍足効果中の敵に対してダメージアップ(25%)】', '390', 'Female', 'Human / Sprite', '2', '0', '0');
insert into calc_db.unitlist_unit(unit_enable, unit_no, unit_id, sub_name, jp_name, rarity, skill_desc, skill_wait, gender, race, attribute_id, role_id, unit_type_id) values('0', '85', 'cat_shaman', '探知する老猫', 'ジェイ', '4', '[一時停止]味方に浮遊効果(7s)/フィールド全体の敵の強化効果を1つ消去+雷属性耐性ダウン(25%/30s)+攻撃力ダウン効果(30%/30s)', '640', 'Male', 'Human / Beast', '2', '3', '0');
insert into calc_db.unitlist_unit(unit_enable, unit_no, unit_id, sub_name, jp_name, rarity, skill_desc, skill_wait, gender, race, attribute_id, role_id, unit_type_id) values('0', '86', 'minotaur_girl', '闘牛女傑', 'ミノ', '4', '[前方移動]前方に突進しながらの怒りの3連撃で、自身のHPと引き換えに(10%)その方向にいる敵に雷ダメージ(x22.5)+自身の攻撃力アップ効果(150%/10s)', '400', 'Female', 'Human / Beast', '2', '1', '0');
insert into calc_db.unitlist_unit(unit_enable, unit_no, unit_id, sub_name, jp_name, rarity, skill_desc, skill_wait, gender, race, attribute_id, role_id, unit_type_id) values('0', '87', 'docking_beast_xm19', '聖夜の配達屋', 'アウレオ', '4', '[爆弾マルボ]キラキラ輝くプレゼント袋を取り出し(6)、ぶつけた相手に雷ダメージ(x16.4)/フィーバーゲージ増加(50)', '480', 'Male', 'Human', '2', '1', '0');
insert into calc_db.unitlist_unit(unit_enable, unit_no, unit_id, sub_name, jp_name, rarity, skill_desc, skill_wait, gender, race, attribute_id, role_id, unit_type_id) values('0', '88', 'black_hair_swordman', '秘剣の策士', 'アドーニ', '4', '[接触追撃]しばらくの間(10s)、ぶつかった敵に高速斬りによる連撃で雷ダメージ(x24.75)/自身に攻撃力アップ効果(100%/15s)/フィーバーゲージ増加(30)', '480', 'Male', 'Human', '2', '0', '0');
insert into calc_db.unitlist_unit(unit_enable, unit_no, unit_id, sub_name, jp_name, rarity, skill_desc, skill_wait, gender, race, attribute_id, role_id, unit_type_id) values('0', '89', 'lady_android', 'まどろみの機婦人', 'ルディ', '4', '[範囲追撃]自身に電極を張り巡らせ放電し、しばらくの間(8s)、自身の周囲の敵に雷ダメージ(x26.78)/味方に浮遊効果(10s)', '500', 'Female', 'Human / Mecha', '2', '4', '0');
insert into calc_db.unitlist_unit(unit_enable, unit_no, unit_id, sub_name, jp_name, rarity, skill_desc, skill_wait, gender, race, attribute_id, role_id, unit_type_id) values('0', '90', 'fake_princess', '創造する人形姫', 'プリカ', '4', '[一時停止]自身の前方に巨大なドールの腕を発射し、命中した敵に雷ダメージ(x21)+強化効果を1つ消去', '470', 'Female', 'Human / Sprite', '2', '1', '0');
insert into calc_db.unitlist_unit(unit_enable, unit_no, unit_id, sub_name, jp_name, rarity, skill_desc, skill_wait, gender, race, attribute_id, role_id, unit_type_id) values('0', '91', 'casino_dealer_smr20', '太陽の勝負師', 'ネスカ', '4', 'コイントスをしながら自身の周囲に剣を振り回し、命中した敵に雷ダメージ(x16)+確率(53%)で雷属性耐性ダウン効果(25%/15s)/確率(53%)でパワーフリップダメージアップ効果(30%/10s)', '460', 'Female', 'Human', '2', '0', '0');
insert into calc_db.unitlist_unit(unit_enable, unit_no, unit_id, sub_name, jp_name, rarity, skill_desc, skill_wait, gender, race, attribute_id, role_id, unit_type_id) values('0', '92', 'hidden_blader', '刹那の踊り子', 'ロゼリヤ', '4', '前方に雷がほとばしるナイフを連続で投げ、命中した敵に雷ダメージ(x21)+マヒ効果(8s)', '480', 'Female', 'Human', '2', '0', '0');
insert into calc_db.unitlist_unit(unit_enable, unit_no, unit_id, sub_name, jp_name, rarity, skill_desc, skill_wait, gender, race, attribute_id, role_id, unit_type_id) values('0', '93', 'white_tiger', '白虎の獣人', 'シロ', '4', '[低速突進]最も近い敵に向かいながら鋭い鉤爪を振り回し、自身の周囲の敵に風ダメージ(x21)/パワーフリップダメージアップ効果(50%/15s)', '570', 'Male', 'Human / Beast', '3', '1', '0');
insert into calc_db.unitlist_unit(unit_enable, unit_no, unit_id, sub_name, jp_name, rarity, skill_desc, skill_wait, gender, race, attribute_id, role_id, unit_type_id) values('0', '94', 'tiger_treasure_hunter', 'がんばる虎娘', 'ミア', '4', '全方位に3連続でナイフを投げて、命中した敵に風ダメージ(x9)', '250', 'Female', 'Human / Beast', '3', '1', '0');
insert into calc_db.unitlist_unit(unit_enable, unit_no, unit_id, sub_name, jp_name, rarity, skill_desc, skill_wait, gender, race, attribute_id, role_id, unit_type_id) values('0', '95', 'birdman', '大空の狩人', 'オロウル', '4', '[一時停止]風の力をまとった槍のなぎ払いで、周囲の敵に風ダメージ(x13.5)/味方に浮遊効果(15s)', '520', 'Male', 'Human / Beast', '3', '0', '0');
insert into calc_db.unitlist_unit(unit_enable, unit_no, unit_id, sub_name, jp_name, rarity, skill_desc, skill_wait, gender, race, attribute_id, role_id, unit_type_id) values('0', '96', 'samurai', '雲断つサムライ', 'ソウシロウ', '4', '[一時停止]剣技による十字切りで、前後左右の敵に風ダメージ(x25.5)', '540', 'Male', 'Human', '3', '0', '0');
insert into calc_db.unitlist_unit(unit_enable, unit_no, unit_id, sub_name, jp_name, rarity, skill_desc, skill_wait, gender, race, attribute_id, role_id, unit_type_id) values('0', '97', 'elf_archer', '風つがう娘', 'メルスール', '4', '最も近い敵に向かって風の加護を受けた矢を15連続で放ち続け、命中した敵に風ダメージ(x7.5)+鈍足効果(15s)', '440', 'Female', 'Human / Sprite', '3', '2', '0');
insert into calc_db.unitlist_unit(unit_enable, unit_no, unit_id, sub_name, jp_name, rarity, skill_desc, skill_wait, gender, race, attribute_id, role_id, unit_type_id) values('0', '98', 'dog_slasher', '白狼の棒術師', 'ヘルガ', '4', '[立ち止まる]自身の周囲を薙ぎ払い、さらに最も近い敵に強烈な一突きで命中した敵に風ダメージ(x18)/パーティ全体の弱体効果を1つ回復', '490', 'Female', 'Human / Beast', '3', '1', '0');
insert into calc_db.unitlist_unit(unit_enable, unit_no, unit_id, sub_name, jp_name, rarity, skill_desc, skill_wait, gender, race, attribute_id, role_id, unit_type_id) values('0', '99', 'arisa', '森の守護者', 'アリサ', '4', '前方に妖精の力を秘めた矢を撃つ度、パーティ全体のHPを回復(合計3%)【種族「精霊」に対して効果アップ(50%)】&命中した敵に風ダメージ(x20)【コンボ数に応じてダメージアップ】', '380', 'Female', 'Human / Sprite', '3', '2', '0');
insert into calc_db.unitlist_unit(unit_enable, unit_no, unit_id, sub_name, jp_name, rarity, skill_desc, skill_wait, gender, race, attribute_id, role_id, unit_type_id) values('0', '100', 'bearish_darkwitch_ny20', '慌てる占い巫女', 'レベッカ', '4', 'おみくじで運試し！パーティ全体に攻撃力アップ(20%/15s)・パワーフリップダメージアップ(20%/15s)・スキルダメージアップ効果(40%/15s)をそれぞれ確率(50%)で付与+フィーバーゲージ増加(50)', '400', 'Female', 'Human / Beast', '3', '3', '0');
insert into calc_db.unitlist_unit(unit_enable, unit_no, unit_id, sub_name, jp_name, rarity, skill_desc, skill_wait, gender, race, attribute_id, role_id, unit_type_id) values('0', '101', 'beast_adventurer', 'わくわく冒険少年', 'ルー', '4', '前方に向かって突進し、自分の周囲に風ダメージ(x15)+パワーフリップダメージアップ効果(50%/15s)', '430', 'Male', 'Human / Beast', '3', '0', '0');
insert into calc_db.unitlist_unit(unit_enable, unit_no, unit_id, sub_name, jp_name, rarity, skill_desc, skill_wait, gender, race, attribute_id, role_id, unit_type_id) values('0', '102', 'timid_kunoichi', '不本意のクノイチ', 'スズカ', '4', '[立ち止まる]鎖鎌をありったけの力を込めて振り回し、自身の周囲の敵に風ダメージ(x15)', '400', 'Female', 'Human', '3', '0', '0');
insert into calc_db.unitlist_unit(unit_enable, unit_no, unit_id, sub_name, jp_name, rarity, skill_desc, skill_wait, gender, race, attribute_id, role_id, unit_type_id) values('0', '103', 'tengu_girl', '天狗の愛弟子', 'コハネ', '4', '団扇を仰いで風の弾を前方に飛ばし、命中した敵とその周囲の敵に風ダメージ(x16)', '380', 'Female', 'Human', '3', '2', '0');
insert into calc_db.unitlist_unit(unit_enable, unit_no, unit_id, sub_name, jp_name, rarity, skill_desc, skill_wait, gender, race, attribute_id, role_id, unit_type_id) values('0', '104', 'sing_android', '機人の歌姫', 'ディア', '4', '想いを乗せた歌の力で、参戦者全員の攻撃力アップ効果(75%/20s)/フィーバーゲージ増加(45)', '490', 'Female', 'Human / Mecha', '4', '3', '0');
insert into calc_db.unitlist_unit(unit_enable, unit_no, unit_id, sub_name, jp_name, rarity, skill_desc, skill_wait, gender, race, attribute_id, role_id, unit_type_id) values('0', '105', 'unicorn_lancer', '白き覆面騎士', 'ジェラール', '4', '[一時停止]最も近い敵に向かって聖なる槍の一突きを放ち、命中した敵に光ダメージ(x18)/自身の闇属性ダメージカット効果(35/20s)', '480', 'Male', 'Human', '4', '0', '0');
insert into calc_db.unitlist_unit(unit_enable, unit_no, unit_id, sub_name, jp_name, rarity, skill_desc, skill_wait, gender, race, attribute_id, role_id, unit_type_id) values('0', '106', 'lightbullet_wiz', '光弾の魔術師', 'エリヤ', '4', '[立ち止まる]自身の正面に扇状に光弾を飛ばし、命中した敵に光ダメージ(x27.9)【自身の強化効果数に応じてダメージアップ(10%)】/自身のHPを回復(6%)【種族「精霊」のキャラに対して効果アップ(50%)】', '420', 'Female', 'Human / Sprite', '4', '2', '0');
insert into calc_db.unitlist_unit(unit_enable, unit_no, unit_id, sub_name, jp_name, rarity, skill_desc, skill_wait, gender, race, attribute_id, role_id, unit_type_id) values('0', '107', 'palpebra_knight', '治安を守りし者', 'フィン', '4', '[一時停止]自身の正面に光剣を飛ばし、命中した敵に光ダメージ(x12)/パーティ全体に再生効果(75/8s)/参戦者全員に攻撃力アップ効果(50%/15s)', '500', 'Male', 'Human', '4', '0', '0');
insert into calc_db.unitlist_unit(unit_enable, unit_no, unit_id, sub_name, jp_name, rarity, skill_desc, skill_wait, gender, race, attribute_id, role_id, unit_type_id) values('0', '108', 'palpebra_knight_lady', '笑顔を守りし者', 'キーラ', '4', '[高速突進][一時停止][跳ね返る]最も近い敵に向かい、進行方向の敵に光ダメージ(x20.9)【自身の強化効果数に応じてダメージアップ(10%)】', '500', 'Female', 'Human', '4', '0', '0');
insert into calc_db.unitlist_unit(unit_enable, unit_no, unit_id, sub_name, jp_name, rarity, skill_desc, skill_wait, gender, race, attribute_id, role_id, unit_type_id) values('0', '109', 'monster_cook', '魔物料理人', 'パルフェ', '4', '[高速突進]最も近い敵に向かい、周囲の敵に光ダメージ(x12)【種族「魔」「獣」へのダメージアップ(50%)】/最後の1撃が敵に当たると自身のHPを回復(10%)【光属性キャラに対して効果アップ(50%)】', '500', 'Female', 'Human', '4', '0', '0');
insert into calc_db.unitlist_unit(unit_enable, unit_no, unit_id, sub_name, jp_name, rarity, skill_desc, skill_wait, gender, race, attribute_id, role_id, unit_type_id) values('0', '110', 'illusionist', '幻光の奇術師', 'イルミ', '4', '[爆弾マルボ]七色に輝くボールを呼び出し(2)、ぶつけた敵の周囲に光属性耐性ダウン効果(20%/20s)&ヒット時にフィーバーゲージ増加(20)/最も残HP割合が低いパーティメンバーのHPを回復(10%)【光属性キャラに対して効果アップ(50%)】', '460', 'Female', 'Human / Sprite', '4', '4', '0');
insert into calc_db.unitlist_unit(unit_enable, unit_no, unit_id, sub_name, jp_name, rarity, skill_desc, skill_wait, gender, race, attribute_id, role_id, unit_type_id) values('0', '111', 'unleash_hunter', 'トリックシューター', 'ホプル', '4', '最も近い敵に向かって渾身のエネルギー弾を放ち、命中した敵に光ダメージ(x17)+光属性耐性ダウン効果(25%/20s)', '500', 'Male', 'Human / Mecha', '4', '2', '0');
insert into calc_db.unitlist_unit(unit_enable, unit_no, unit_id, sub_name, jp_name, rarity, skill_desc, skill_wait, gender, race, attribute_id, role_id, unit_type_id) values('0', '112', 'unyielding_adventurer', '生態調査ハンター', 'ライア', '4', '[生物マルボ]『パーティ全体をかばう+自身に闇属性耐性アップ効果(20%)』を持つ揺らぎの迷宮の珍獣(12.5/5)を呼び出し(2/25%/15s)、ぶつけた敵に光ダメージ', '490', 'Female', 'Human', '4', '1', '0');
insert into calc_db.unitlist_unit(unit_enable, unit_no, unit_id, sub_name, jp_name, rarity, skill_desc, skill_wait, gender, race, attribute_id, role_id, unit_type_id) values('0', '113', 'whitedog_beast', '無鉄砲な傭兵剣士', 'フロレッタ', '4', 'フィールド全体の敵に光ダメージ(x18)（弱点破壊なし）+鈍足効果(20s)', '530', 'Female', 'Human / Beast', '4', '0', '0');
insert into calc_db.unitlist_unit(unit_enable, unit_no, unit_id, sub_name, jp_name, rarity, skill_desc, skill_wait, gender, race, attribute_id, role_id, unit_type_id) values('0', '114', 'bishop_girl_smr20', '真夏の救済者', 'リーゼル', '4', '聖なる魔法でパーティ全体にバリア効果付与(8%)/参戦者全員のHPを回復(4%)【光属性キャラに対して効果アップ(50%)】', '600', 'Female', 'Human', '4', '3', '0');
insert into calc_db.unitlist_unit(unit_enable, unit_no, unit_id, sub_name, jp_name, rarity, skill_desc, skill_wait, gender, race, attribute_id, role_id, unit_type_id) values('0', '115', 'keylock_girl', '万能アンロックガール', 'キアナ', '4', 'フィールド全体に鐘の音を響かせ、敵の弱点をすべて破壊+光属性耐性ダウン効果(20%/20s)', '520', 'Female', 'Human / Sprite', '4', '4', '0');
insert into calc_db.unitlist_unit(unit_enable, unit_no, unit_id, sub_name, jp_name, rarity, skill_desc, skill_wait, gender, race, attribute_id, role_id, unit_type_id) values('0', '116', 'devil_princess', '無垢なる邪影', 'アルム', '4', '[生物マルボ]呪いの影(16/11.5)を召喚(1/25%/60s)し、ぶつけた敵に闇ダメージ/自身にダメージ(15%)', '450', 'Female', 'Demon', '5', '1', '0');
insert into calc_db.unitlist_unit(unit_enable, unit_no, unit_id, sub_name, jp_name, rarity, skill_desc, skill_wait, gender, race, attribute_id, role_id, unit_type_id) values('0', '117', 'battle_maid', '戦闘メイド', 'マリアンネ', '4', '最も近い敵に向かって細いビームを発射し続け、命中した敵に闇ダメージ(x9)【コンボ数に応じてダメージアップ(0.5%)】+闇属性耐性ダウン効果(25%/20s)', '420', 'Female', 'Human', '5', '2', '0');
insert into calc_db.unitlist_unit(unit_enable, unit_no, unit_id, sub_name, jp_name, rarity, skill_desc, skill_wait, gender, race, attribute_id, role_id, unit_type_id) values('0', '118', 'undead_boy', '棺使いの霊能士', 'アンディ', '4', '霊魂を4方向に飛ばし、命中した敵に闇ダメージ(x9)【棺桶カウント数に応じてダメージアップ(2.5%)】+攻撃力ダウン効果(30%/30s)', '400', 'Male', 'Human / Undead', '5', '4', '0');
insert into calc_db.unitlist_unit(unit_enable, unit_no, unit_id, sub_name, jp_name, rarity, skill_desc, skill_wait, gender, race, attribute_id, role_id, unit_type_id) values('0', '119', 'warlock', '深淵の探求者', 'リアン', '4', 'しばらくの間、自身の周囲に近づいた敵に闇魔法で生成した剣を撃ち込み、命中した敵に闇ダメージ(x25)+鈍足効果(15s)', '510', 'Male', 'Human / Sprite', '5', '2', '0');
insert into calc_db.unitlist_unit(unit_enable, unit_no, unit_id, sub_name, jp_name, rarity, skill_desc, skill_wait, gender, race, attribute_id, role_id, unit_type_id) values('0', '120', 'swallow_knight_ny20', '飯マズ祝祭調理人', 'ユーウェル', '4', '[立ち止まる]自身の近辺の敵に闇ダメージ(x15)+毒効果(6000/20s)', '490', 'Male', 'Human', '5', '0', '0');
insert into calc_db.unitlist_unit(unit_enable, unit_no, unit_id, sub_name, jp_name, rarity, skill_desc, skill_wait, gender, race, attribute_id, role_id, unit_type_id) values('0', '121', 'sword_beauty', '黒髪の麗人', 'クォーツァー', '4', '[一時停止]自身の周囲の敵に闇ダメージ(x18)', '410', 'Female', 'Human', '5', '0', '0');
insert into calc_db.unitlist_unit(unit_enable, unit_no, unit_id, sub_name, jp_name, rarity, skill_desc, skill_wait, gender, race, attribute_id, role_id, unit_type_id) values('0', '122', 'touyakiren_ceo', '終わらぬ夜の太母', 'ラヴ', '4', '自身の巨大兵装を呼び出し、フィールド全体の敵に闇ダメージ(x17)/闇属性パーティメンバーのスキルダメージアップ効果(100%/20s)/光属性パーティメンバーの攻撃力アップ効果(100%/20s)', '620', 'Female', 'Human / Mecha', '5', '4', '0');
insert into calc_db.unitlist_unit(unit_enable, unit_no, unit_id, sub_name, jp_name, rarity, skill_desc, skill_wait, gender, race, attribute_id, role_id, unit_type_id) values('0', '123', 'blindness_gunner', '眼帯の銃士', 'セルジール', '4', '[立ち止まる]最も近い敵に向かって弾丸を放ち、命中した敵に闇ダメージ(x19)【発射位置と命中した敵との距離に応じてダメージアップ(50%)】+強化効果を1つ消去', '440', 'Male', 'Human', '5', '2', '0');
insert into calc_db.unitlist_unit(unit_enable, unit_no, unit_id, sub_name, jp_name, rarity, skill_desc, skill_wait, gender, race, attribute_id, role_id, unit_type_id) values('0', '124', 'luna', '幼き死霊術師', 'ルナ', '4', '彼方より死者たちの霊を設置し、自身以外のパーティメンバーのHPと引き換え(10%)に、自身の周囲に闇ダメージ(x22.8)【棺桶カウント数に応じてダメージアップ(2.5%)】', '480', 'Female', 'Human / Undead', '5', '4', '0');
insert into calc_db.unitlist_unit(unit_enable, unit_no, unit_id, sub_name, jp_name, rarity, skill_desc, skill_wait, gender, race, attribute_id, role_id, unit_type_id) values('0', '125', 'lady_gunner_smr20', '夕凪の薔薇', 'マルグリット', '4', '前方に向けて華麗に貫通弾を放ち、命中した敵に闇ダメージ(x25)', '470', 'Female', 'Human', '5', '2', '0');
insert into calc_db.unitlist_unit(unit_enable, unit_no, unit_id, sub_name, jp_name, rarity, skill_desc, skill_wait, gender, race, attribute_id, role_id, unit_type_id) values('0', '126', 'dinosaur_hunter', '世界一を目指す冒険者', 'グリーグ', '4', '大斧を旋風のごとく振り回し、自身の周囲の敵に闇ダメージ(x16.5)/自身に攻撃力アップ効果(50%/15s)/リーダーが闇属性の時、パワーフリップダメージアップ効果(50%/15s)', '540', 'Male', 'Human', '5', '0', '0');
insert into calc_db.unitlist_unit(unit_enable, unit_no, unit_id, sub_name, jp_name, rarity, skill_desc, skill_wait, gender, race, attribute_id, role_id, unit_type_id) values('0', '127', 'crazy_doctor', '無頼な錬金術師', 'ブライス', '4', '前方に毒薬を投げつけ、その周囲の敵に闇ダメージ ＋ 毒 + 攻撃力ダウン効果', '440', 'Male', 'Human', '5', '4', '0');
insert into calc_db.unitlist_unit(unit_enable, unit_no, unit_id, sub_name, jp_name, rarity, skill_desc, skill_wait, gender, race, attribute_id, role_id, unit_type_id) values('0', '128', 'yamada_tae', 'ゾンビ０号', '山田たえ', '4', '『3回攻撃』で相手にかみつく生首(1/30s) を落とし、かみついた敵に闇ダメージ', '410', 'Female', 'Human / Undead', '5', '1', '0');
insert into calc_db.unitlist_unit(unit_enable, unit_no, unit_id, sub_name, jp_name, rarity, skill_desc, skill_wait, gender, race, attribute_id, role_id, unit_type_id) values('0', '129', 'alchemist', '爆裂錬金術師', 'リリル', '3', 'フィールド全体に火ダメージ(x7.5)/強化効果を1つ消去', '330', 'Female', 'Human', '0', '4', '0');
insert into calc_db.unitlist_unit(unit_enable, unit_no, unit_id, sub_name, jp_name, rarity, skill_desc, skill_wait, gender, race, attribute_id, role_id, unit_type_id) values('0', '130', 'pretty_witch', '見習い魔女', 'メイミー', '3', '[非生物マルボ]魔力の渦から魔力球(10/7)を召喚し(2/25%/30s)、ぶつけた敵に火ダメージ', '400', 'Female', 'Human / Sprite', '0', '3', '0');
insert into calc_db.unitlist_unit(unit_enable, unit_no, unit_id, sub_name, jp_name, rarity, skill_desc, skill_wait, gender, race, attribute_id, role_id, unit_type_id) values('0', '131', 'gunslinger', '砂漠の銃士', 'イリス', '3', '最も近い敵に向かって銃弾を8連射し続け、命中した敵に火ダメージ(x15)+火属性耐性ダウン効果(20%/15s)', '480', 'Female', 'Human', '0', '2', '0');
insert into calc_db.unitlist_unit(unit_enable, unit_no, unit_id, sub_name, jp_name, rarity, skill_desc, skill_wait, gender, race, attribute_id, role_id, unit_type_id) values('0', '132', 'monster_hunter', '辺境の狩人', 'ハーシュ', '3', '[一時停止]電磁銛を射出し、前方の敵に火ダメージ(x16)【種族「獣」「植物」「ドラゴン」へのダメージアップ(25%)】', '480', 'Male', 'Human', '0', '2', '0');
insert into calc_db.unitlist_unit(unit_enable, unit_no, unit_id, sub_name, jp_name, rarity, skill_desc, skill_wait, gender, race, attribute_id, role_id, unit_type_id) values('0', '133', 'black_doctor', '博愛の無法者', 'ジン', '3', '参戦者全員のHPを回復(6%)【火属性キャラに対して効果アップ(50%)】/参戦者全員の攻撃力アップ効果(50%/20s)', '510', 'Male', 'Human', '0', '3', '0');
insert into calc_db.unitlist_unit(unit_enable, unit_no, unit_id, sub_name, jp_name, rarity, skill_desc, skill_wait, gender, race, attribute_id, role_id, unit_type_id) values('0', '134', 'cool_woman_soldier', '紅の呪剣士', 'トレーネ', '3', '「低速突進]最も近い敵に向かいながら炎をまとった剣の回転斬りで、自身の周囲の敵に火ダメージ(x19.5)/パワーフリップダメージアップ効果(30%/20s)', '620', 'Female', 'Human', '0', '0', '0');
insert into calc_db.unitlist_unit(unit_enable, unit_no, unit_id, sub_name, jp_name, rarity, skill_desc, skill_wait, gender, race, attribute_id, role_id, unit_type_id) values('0', '135', 'berserker', '狂戦士', 'ギルスラッド', '3', '自身に攻撃力アップ効果(180%/5s)/パワーフリップダメージアップ効果(30%/5s)', '240', 'Male', 'Human', '0', '0', '0');
insert into calc_db.unitlist_unit(unit_enable, unit_no, unit_id, sub_name, jp_name, rarity, skill_desc, skill_wait, gender, race, attribute_id, role_id, unit_type_id) values('0', '136', 'fire_shaman', '火の巫女', 'エンニ', '3', 'フィールド全体に瘴気を発生させ、命中した敵の攻撃力ダウン(30%/15s)+火属性耐性ダウン効果(20%/15s)+強化効果を1つ消去', '480', 'Female', 'Human', '0', '4', '0');
insert into calc_db.unitlist_unit(unit_enable, unit_no, unit_id, sub_name, jp_name, rarity, skill_desc, skill_wait, gender, race, attribute_id, role_id, unit_type_id) values('0', '137', 'disciplined_swordman', '厳正なる監査士', 'ジェイク', '3', '[高速突進][跳ね返る]最も近い敵に突進し、ぶつかった敵に強力な一撃を加え火ダメージ(x22.5)【属性耐性ダウン効果中の敵へのダメージアップ(25%)】', '500', 'Male', 'Human', '0', '0', '0');
insert into calc_db.unitlist_unit(unit_enable, unit_no, unit_id, sub_name, jp_name, rarity, skill_desc, skill_wait, gender, race, attribute_id, role_id, unit_type_id) values('0', '138', 'birdwoman', '鳥族の女戦士', 'クラン', '3', '最も近い敵に向かって炎の矢を連射し、命中した敵に火ダメージ(x10.5)/味方に浮遊効果(8s)', '450', 'Female', 'Human / Beast', '0', '2', '0');
insert into calc_db.unitlist_unit(unit_enable, unit_no, unit_id, sub_name, jp_name, rarity, skill_desc, skill_wait, gender, race, attribute_id, role_id, unit_type_id) values('0', '139', 'tradition_healer', '調和の癒し手', 'ハリシャ', '3', '伝統の治療技術を駆使し、参戦者全体のHP回復(6%)【火属性キャラに対して効果アップ(50%)】/パーティ全体の弱体効果を1つ回復', '440', 'Female', 'Human', '0', '3', '0');
insert into calc_db.unitlist_unit(unit_enable, unit_no, unit_id, sub_name, jp_name, rarity, skill_desc, skill_wait, gender, race, attribute_id, role_id, unit_type_id) values('0', '140', 'brave_mouse', '虎を追うネズミ', 'スヴェン', '3', '[低速突進]最も近い敵に向かって突進し、進行方向の敵に火ダメージ(x15.75)', '510', 'Male', 'Human / Beast', '0', '0', '0');
insert into calc_db.unitlist_unit(unit_enable, unit_no, unit_id, sub_name, jp_name, rarity, skill_desc, skill_wait, gender, race, attribute_id, role_id, unit_type_id) values('0', '141', 'sniper', '森の狩人', 'ケイロス', '3', 'しばらくの間、前方に矢を飛ばし続け、命中した敵に水属性ダメージ(x20)【毒効果中の敵へのダメージアップ(25%)】+毒効果(5000/20s)', '500', 'Male', 'Human', '1', '2', '0');
insert into calc_db.unitlist_unit(unit_enable, unit_no, unit_id, sub_name, jp_name, rarity, skill_desc, skill_wait, gender, race, attribute_id, role_id, unit_type_id) values('0', '142', 'urban_soldier', '蒼の少女剣士', 'トリスタ', '3', '剣を素早く振り回し、少しの間周囲の敵に水ダメージ(x4)【自身の強化効果数に応じてダメージアップ(10%)】', '300', 'Female', 'Human', '1', '0', '0');
insert into calc_db.unitlist_unit(unit_enable, unit_no, unit_id, sub_name, jp_name, rarity, skill_desc, skill_wait, gender, race, attribute_id, role_id, unit_type_id) values('0', '143', 'hard_face_soldier', '臆病重戦士', 'ヴァルター', '3', 'パーティ全体の火属性ダメージカット効果(30/20s)/自身の火属性ダメージカット効果(60/20s)', '520', 'Male', 'Human', '1', '1', '0');
insert into calc_db.unitlist_unit(unit_enable, unit_no, unit_id, sub_name, jp_name, rarity, skill_desc, skill_wait, gender, race, attribute_id, role_id, unit_type_id) values('0', '144', 'nurse', '白衣の無法者', 'エルザ', '3', '参戦者全員のHPを回復(6%)【水属性キャラに対して効果アップ(50%)】/参戦者全員の棺桶カウントを減らす(15)', '430', 'Female', 'Human', '1', '3', '0');
insert into calc_db.unitlist_unit(unit_enable, unit_no, unit_id, sub_name, jp_name, rarity, skill_desc, skill_wait, gender, race, attribute_id, role_id, unit_type_id) values('0', '145', 'wolf_assassin', '牙の暗殺者', 'クラウス', '3', '[接触追撃]しばらくの間(10s)、ぶつかった敵に爪の一撃を加えて水ダメージ(x36)【鈍足効果中の敵へのダメージアップ(25%)】', '490', 'Male', 'Human / Beast', '1', '1', '0');
insert into calc_db.unitlist_unit(unit_enable, unit_no, unit_id, sub_name, jp_name, rarity, skill_desc, skill_wait, gender, race, attribute_id, role_id, unit_type_id) values('0', '146', 'fox_companion', '九尾の付き人', 'シラノ', '3', '参戦者全員に無敵効果(5s)', '630', 'Female', 'Youkai', '1', '3', '0');
insert into calc_db.unitlist_unit(unit_enable, unit_no, unit_id, sub_name, jp_name, rarity, skill_desc, skill_wait, gender, race, attribute_id, role_id, unit_type_id) values('0', '147', 'depraved_monk', '幻杯の導師', 'カイユ', '3', 'パーティ全体に攻撃力アップ効果(60%/15s)+再生(72/10s)+全属性耐性ダウン効果(50%/15s)+HP回復(6%)【水属性キャラに対して効果アップ(50%)】', '440', 'Female', 'Human', '1', '3', '0');
insert into calc_db.unitlist_unit(unit_enable, unit_no, unit_id, sub_name, jp_name, rarity, skill_desc, skill_wait, gender, race, attribute_id, role_id, unit_type_id) values('0', '148', 'sailor_girl', '求道の水兵少女', 'ラッティ', '3', '[立ち止まる]自身の正面に巨大な弾を飛ばし、命中した敵に水ダメージ(x8)【自身の強化効果数に応じてダメージアップ(10%)】+鈍足効果(20s)', '510', 'Female', 'Human', '1', '2', '0');
insert into calc_db.unitlist_unit(unit_enable, unit_no, unit_id, sub_name, jp_name, rarity, skill_desc, skill_wait, gender, race, attribute_id, role_id, unit_type_id) values('0', '149', 'cute_fafnir', 'おどける子竜', 'ファフ', '3', '参戦者全員の攻撃力アップ(30%/10s)+火属性耐性アップ効果(20%/10s)', '380', 'Male', 'Dragon', '1', '3', '0');
insert into calc_db.unitlist_unit(unit_enable, unit_no, unit_id, sub_name, jp_name, rarity, skill_desc, skill_wait, gender, race, attribute_id, role_id, unit_type_id) values('0', '150', 'mens_attire_girl', '霊泉の伊達娘', 'リコ', '3', '参戦者全員のHPを回復(6%)【剣士タイプに対して効果アップ(50%)】 + 弱体効果を1つ回復', '420', 'Female', 'Human', '1', '0', '0');
insert into calc_db.unitlist_unit(unit_enable, unit_no, unit_id, sub_name, jp_name, rarity, skill_desc, skill_wait, gender, race, attribute_id, role_id, unit_type_id) values('0', '151', 'dryad_xm19', '聖なる樹霊', 'チャルア', '3', 'パーティ全体に攻撃力アップ効果(60%/20s)/フィーバーゲージ増加(40)', '450', 'Female', 'Plant / Sprite', '1', '3', '0');
insert into calc_db.unitlist_unit(unit_enable, unit_no, unit_id, sub_name, jp_name, rarity, skill_desc, skill_wait, gender, race, attribute_id, role_id, unit_type_id) values('0', '152', 'junior_yearngirl', '憧憬する女傭兵', 'クラーラ', '3', '[接触追撃]【HP60%以上】少しの間(1.5s)、斧が命中した敵に水ダメージ(x12)/自身に攻撃力アップ(60%/15s)/パワーフリップダメージアップ効果(50%/15s)/【HP60%未満】自身に火属性耐性アップ効果(30%/20s)+HP回復(8%)【水属性キャラに対して効果アップ(50%)】', '440', 'Female', 'Human / Beast', '1', '0', '0');
insert into calc_db.unitlist_unit(unit_enable, unit_no, unit_id, sub_name, jp_name, rarity, skill_desc, skill_wait, gender, race, attribute_id, role_id, unit_type_id) values('0', '153', 'little_shaman', 'ミーハー★シャーマン', 'サマサ', '3', '[範囲追撃]水の雫をまとい(10s)、周囲の敵に水ダメージ(x25.3)+水属性耐性ダウン効果(20%/15s)', '430', 'Female', 'Human / Sprite', '1', '3', '0');
insert into calc_db.unitlist_unit(unit_enable, unit_no, unit_id, sub_name, jp_name, rarity, skill_desc, skill_wait, gender, race, attribute_id, role_id, unit_type_id) values('0', '154', 'scout_girl', 'イタズラ斥候ガール', 'リッタ', '3', 'ダイナマイトを前方に投げつけ、命中した敵に水ダメージ/リーダーが水属性の場合、パワーフリップダメージアップ効果(50%/15s)+リーダーにブレイク・ダウン中の敵に与えるダメージアップ効果(15%/10s)', '430', 'Female', 'Human', '1', '2', '0');
insert into calc_db.unitlist_unit(unit_enable, unit_no, unit_id, sub_name, jp_name, rarity, skill_desc, skill_wait, gender, race, attribute_id, role_id, unit_type_id) values('0', '155', 'twin_blader', '夢見る双剣使い', 'ユナ', '3', '[低速突進]最も近い敵に向かいながら双剣で乱舞し、自身の周囲に雷ダメージ(x6)【自身の強化効果数に応じてダメージアップ(10%)】', '300', 'Female', 'Human', '2', '0', '0');
insert into calc_db.unitlist_unit(unit_enable, unit_no, unit_id, sub_name, jp_name, rarity, skill_desc, skill_wait, gender, race, attribute_id, role_id, unit_type_id) values('0', '156', 'bee_girl', '痺れる蜂娘', 'ホーニィ', '3', '全方位に5匹の蜂をけしかけ、命中した敵に雷ダメージ(x60)+雷属性耐性ダウン(15%/15s)+毒(4000/20s)+マヒ効果(8s)', '520', 'Female', 'Beast', '2', '2', '0');
insert into calc_db.unitlist_unit(unit_enable, unit_no, unit_id, sub_name, jp_name, rarity, skill_desc, skill_wait, gender, race, attribute_id, role_id, unit_type_id) values('0', '157', 'lightning_fighter', '雷撃の拳闘士', 'タイガ', '3', '[一時停止]雷撃をまとった拳の一撃で、前方の敵に雷ダメージ(x36)', '740', 'Male', 'Human / Sprite', '2', '1', '0');
insert into calc_db.unitlist_unit(unit_enable, unit_no, unit_id, sub_name, jp_name, rarity, skill_desc, skill_wait, gender, race, attribute_id, role_id, unit_type_id) values('0', '158', 'outlaw_panther', '理知する黒豹', 'クロ', '3', '[高速突進]俊足の踏み込みで最も近い敵へ突進し、ぶつかった敵に雷ダメージ(x7)/フィーバーゲージ増加(30)', '440', 'Male', 'Human / Beast', '2', '1', '0');
insert into calc_db.unitlist_unit(unit_enable, unit_no, unit_id, sub_name, jp_name, rarity, skill_desc, skill_wait, gender, race, attribute_id, role_id, unit_type_id) values('0', '159', 'wolf_swordsman', '牙の貴公子', 'アルベルト', '3', '[接触追撃]自身に攻撃力アップ(110%/15s)/しばらくの間(10s)、ぶつかった敵に剣による連撃で雷ダメージ(x27)【マヒ効果中の敵へのダメージアップ(25%)】', '480', 'Male', 'Human / Beast', '2', '0', '0');
insert into calc_db.unitlist_unit(unit_enable, unit_no, unit_id, sub_name, jp_name, rarity, skill_desc, skill_wait, gender, race, attribute_id, role_id, unit_type_id) values('0', '160', 'oni_girl', '風雷の舞姫', 'カヅチ', '3', '[範囲追撃]自身の周囲に雷をまとわせ、しばらくの間(10s)、近づいた敵に雷ダメージ(x27)/フィーバーゲージ増加(40)', '550', 'Female', 'Human / Youkai', '2', '1', '0');
insert into calc_db.unitlist_unit(unit_enable, unit_no, unit_id, sub_name, jp_name, rarity, skill_desc, skill_wait, gender, race, attribute_id, role_id, unit_type_id) values('0', '161', 'sociable_mestizo', '酔頼の冒険者', 'タチアナ', '3', '[接触追撃]しばらくの間(5s)、ぶつかった敵に短剣による追撃を与えて雷ダメージ(x20)+マヒ効果(7s)', '520', 'Female', 'Human', '2', '0', '0');
insert into calc_db.unitlist_unit(unit_enable, unit_no, unit_id, sub_name, jp_name, rarity, skill_desc, skill_wait, gender, race, attribute_id, role_id, unit_type_id) values('0', '162', 'magic_boy', '没落の雷術師', 'コルト', '3', '[非生物マルボ]魔力で雷球(9/7.5)を生成(2/25%/30s)し、ぶつけた敵に雷ダメージ', '400', 'Male', 'Human / Sprite', '2', '3', '0');
insert into calc_db.unitlist_unit(unit_enable, unit_no, unit_id, sub_name, jp_name, rarity, skill_desc, skill_wait, gender, race, attribute_id, role_id, unit_type_id) values('0', '163', 'student_gunsmith', '銃愛の学生技師', 'シャ・スス', '3', 'リーダーのスキルゲージ増加(30%)+スキルダメージアップ効果(120%/15s)', '440', 'Female', 'Human', '2', '3', '0');
insert into calc_db.unitlist_unit(unit_enable, unit_no, unit_id, sub_name, jp_name, rarity, skill_desc, skill_wait, gender, race, attribute_id, role_id, unit_type_id) values('0', '164', 'fortuneteller', '遠見の占い師', 'フォウラ', '3', '参戦者全員のHPを回復(6%)【雷属性キャラに対して効果アップ(50%)】/パーティー全体に再生効果(90/10s)', '550', 'Female', 'Human', '2', '3', '0');
insert into calc_db.unitlist_unit(unit_enable, unit_no, unit_id, sub_name, jp_name, rarity, skill_desc, skill_wait, gender, race, attribute_id, role_id, unit_type_id) values('0', '165', 'cat_fighter_ny20', '新春晴着猫娘', 'ミュウ', '3', '[低速突進]最も近い敵に向かいながら鉤爪を振り回し、自身の周囲の敵に雷ダメージ(x16.5)', '500', 'Female', 'Human / Beast', '2', '1', '0');
insert into calc_db.unitlist_unit(unit_enable, unit_no, unit_id, sub_name, jp_name, rarity, skill_desc, skill_wait, gender, race, attribute_id, role_id, unit_type_id) values('0', '166', 'old_mercenary', '孤高の鉄人', 'バルゲン', '3', '[一時停止]前方に重厚な一撃を放ち、命中した敵に雷ダメージ(x18)/自身のHPを回復(6%)【雷属性キャラに対して効果アップ(50%)】/パワーフリップダメージアップ効果(75%/10s)', '520', 'Male', 'Human', '2', '0', '0');
insert into calc_db.unitlist_unit(unit_enable, unit_no, unit_id, sub_name, jp_name, rarity, skill_desc, skill_wait, gender, race, attribute_id, role_id, unit_type_id) values('0', '167', 'floating_girl', '低重力少女', 'フラーナ', '3', '謎のチカラにより味方に浮遊効果(12s)/パーティ全体の弱体効果を1つ回復', '520', 'Female', 'Human', '2', '3', '0');
insert into calc_db.unitlist_unit(unit_enable, unit_no, unit_id, sub_name, jp_name, rarity, skill_desc, skill_wait, gender, race, attribute_id, role_id, unit_type_id) values('0', '168', 'highlander', '揺らぎの探索者', 'エヴァン', '3', '[一時停止]激しい斬り払いにより衝撃波を自身の正面に飛ばし、命中した敵に風ダメージ(x15)【コンボ数に応じてダメージアップ(0.5%)】', '450', 'Male', 'Human', '3', '0', '0');
insert into calc_db.unitlist_unit(unit_enable, unit_no, unit_id, sub_name, jp_name, rarity, skill_desc, skill_wait, gender, race, attribute_id, role_id, unit_type_id) values('0', '169', 'dryad', '森の愛娘', 'チャルア', '3', 'パーティ全体に再生効果(90/10s)/参戦者の弱体効果を1つ回復', '440', 'Female', 'Plant / Sprite', '3', '3', '0');
insert into calc_db.unitlist_unit(unit_enable, unit_no, unit_id, sub_name, jp_name, rarity, skill_desc, skill_wait, gender, race, attribute_id, role_id, unit_type_id) values('0', '170', 'lich', '優しき不死王', 'レシタール', '3', '不死の力を分け与え、参戦者全員の棺桶カウント減少(8)+攻撃力アップ(50%/20s)+雷属性耐性アップ効果(20%/20s)', '580', 'Male', 'Undead', '3', '3', '0');
insert into calc_db.unitlist_unit(unit_enable, unit_no, unit_id, sub_name, jp_name, rarity, skill_desc, skill_wait, gender, race, attribute_id, role_id, unit_type_id) values('0', '171', 'casino_dealer', '魂の勝負師', 'ネスカ', '3', '[一時停止]ムチを払い、周囲の敵に風ダメージ(x15)/パーティキャラに攻撃力アップ(50%/15s)や全属性耐性アップ効果(10%/15s)を確率(25%)で付与/フィーバーゲージ増加(25)', '630', 'Female', 'Human', '3', '0', '0');
insert into calc_db.unitlist_unit(unit_enable, unit_no, unit_id, sub_name, jp_name, rarity, skill_desc, skill_wait, gender, race, attribute_id, role_id, unit_type_id) values('0', '172', 'cat_fighter', '猫耳格闘士', 'ミュウ', '3', '[低速突進]最も近い敵に向かいながら鉤爪を振り回し、自身の周囲の敵に風ダメージ(x18)', '500', 'Female', 'Human / Beast', '3', '1', '0');
insert into calc_db.unitlist_unit(unit_enable, unit_no, unit_id, sub_name, jp_name, rarity, skill_desc, skill_wait, gender, race, attribute_id, role_id, unit_type_id) values('0', '173', 'devil_clown', '嗤う道化師', 'フォルス', '3', '[一時停止]最も近い敵に向かって爆発する魔弾を発射し、命中した敵に風ダメージ(x10.5)+攻撃力ダウン効果(40%/30s)', '540', 'Female', 'Demon', '3', '2', '0');
insert into calc_db.unitlist_unit(unit_enable, unit_no, unit_id, sub_name, jp_name, rarity, skill_desc, skill_wait, gender, race, attribute_id, role_id, unit_type_id) values('0', '174', 'herbalist', '春風の薬草士', 'ハートリーフ', '3', '周囲に劇毒を撒き、フィールド上の敵全体に毒(4000/30s)+風属性耐性ダウン効果(30%/15s)', '630', 'Female', 'Human', '3', '3', '0');
insert into calc_db.unitlist_unit(unit_enable, unit_no, unit_id, sub_name, jp_name, rarity, skill_desc, skill_wait, gender, race, attribute_id, role_id, unit_type_id) values('0', '175', 'spearman', '技光の槍兵', 'コナー', '3', '[前方移動]強烈な槍の一撃で前方に突進し、進行方向の敵に風ダメージ(x15)/味方に貫通効果(8s)', '430', 'Male', 'Human', '3', '0', '0');
insert into calc_db.unitlist_unit(unit_enable, unit_no, unit_id, sub_name, jp_name, rarity, skill_desc, skill_wait, gender, race, attribute_id, role_id, unit_type_id) values('0', '176', 'trap_errand', '罠師酪農家', 'ジャスター', '3', '[一時停止]卓越したムチさばきで自身の周囲の敵に風ダメージ(x4.5)+マヒ(8s)+風属性耐性ダウン効果(20%/15s)+ヒットした数だけ強化効果を消去', '410', 'Male', 'Human', '3', '1', '0');
insert into calc_db.unitlist_unit(unit_enable, unit_no, unit_id, sub_name, jp_name, rarity, skill_desc, skill_wait, gender, race, attribute_id, role_id, unit_type_id) values('0', '177', 'gang_girl', '牙剝く義賊', 'ケイト', '3', '[前方移動]持ち前の短剣捌きで前方に連撃を繰り出し、命中した敵に風ダメージ(x30)', '380', 'Female', 'Human', '3', '0', '0');
insert into calc_db.unitlist_unit(unit_enable, unit_no, unit_id, sub_name, jp_name, rarity, skill_desc, skill_wait, gender, race, attribute_id, role_id, unit_type_id) values('0', '178', 'lazy_genious', '魔法理論の探求者', 'ネティ', '3', '魔法理論を解析し、風属性リーダーの攻撃力アップ(40%/10s)+スキルダメージアップ効果(40%/10s)/パーティ全体に弱体耐性アップ効果(+100%/5s)', '540', 'Female', 'Human', '3', '3', '0');
insert into calc_db.unitlist_unit(unit_enable, unit_no, unit_id, sub_name, jp_name, rarity, skill_desc, skill_wait, gender, race, attribute_id, role_id, unit_type_id) values('0', '179', 'priest', '慈愛の侍祭', 'コリーナ', '3', 'パーティ全体に再生効果(90/10s)+弱体効果を2つ回復', '430', 'Female', 'Human', '4', '3', '0');
insert into calc_db.unitlist_unit(unit_enable, unit_no, unit_id, sub_name, jp_name, rarity, skill_desc, skill_wait, gender, race, attribute_id, role_id, unit_type_id) values('0', '180', 'lady_gunner', '美しき銃士', 'マルグリット', '3', '[立ち止まる]力を込めた弾丸を前方に放ち、命中した敵に光ダメージ(x20)/フィーバーゲージ増加(40)', '480', 'Female', 'Human', '4', '2', '0');
insert into calc_db.unitlist_unit(unit_enable, unit_no, unit_id, sub_name, jp_name, rarity, skill_desc, skill_wait, gender, race, attribute_id, role_id, unit_type_id) values('0', '181', 'woman_knight', '守護の女騎士', 'セシリア', '3', 'パーティ全体の闇属性耐性アップ効果(25%/7.5s)/自身に無敵効果(15s)', '510', 'Female', 'Human', '4', '0', '0');
insert into calc_db.unitlist_unit(unit_enable, unit_no, unit_id, sub_name, jp_name, rarity, skill_desc, skill_wait, gender, race, attribute_id, role_id, unit_type_id) values('0', '182', 'docking_beast', '騎獣配達屋', 'アウレオ', '3', '[非生物マルボ]仲間を模した精霊(4/3.5)を呼び出し(3/25%/20s)、ぶつけた敵に光ダメージ', '600', 'Male', 'Human / Beast', '4', '1', '0');
insert into calc_db.unitlist_unit(unit_enable, unit_no, unit_id, sub_name, jp_name, rarity, skill_desc, skill_wait, gender, race, attribute_id, role_id, unit_type_id) values('0', '183', 'exorcist_oldman', '孤島酒場の店主', 'ラウル', '3', '[立ち止まる]前後左右の敵に光ダメージ(x22.5)【種族「不死」へのダメージアップ(50%)】+強化効果を1つ消去', '550', 'Male', 'Human', '4', '1', '0');
insert into calc_db.unitlist_unit(unit_enable, unit_no, unit_id, sub_name, jp_name, rarity, skill_desc, skill_wait, gender, race, attribute_id, role_id, unit_type_id) values('0', '184', 'half_knight', '生硬の騎士少年', 'ミレス', '3', '[高速突進][跳ね返る]最も近い敵に突進し、ぶつかった敵を斬りつけ光ダメージ(x6)/参戦者の闇属性耐性アップ効果(20%/20s)', '480', 'Male', 'Human', '4', '0', '0');
insert into calc_db.unitlist_unit(unit_enable, unit_no, unit_id, sub_name, jp_name, rarity, skill_desc, skill_wait, gender, race, attribute_id, role_id, unit_type_id) values('0', '185', 'reporter', '新人記者少女', 'リュリュカ', '3', '[接触追撃]しばらくの間(6s)、ぶつかった敵をナイフで切りつけ光ダメージ(x17.5)【自身の強化効果数に応じてダメージアップ(10%)】+光属性耐性ダウン効果(20%/15s)', '360', 'Female', 'Human', '4', '0', '0');
insert into calc_db.unitlist_unit(unit_enable, unit_no, unit_id, sub_name, jp_name, rarity, skill_desc, skill_wait, gender, race, attribute_id, role_id, unit_type_id) values('0', '186', 'wild_wolfgirl', 'はぐれ狼の娘', 'カロ', '3', '[前方移動]前方の敵に光ダメージ(x18)/フィーバーゲージ増加(30)', '410', 'Female', 'Human / Beast', '4', '1', '0');
insert into calc_db.unitlist_unit(unit_enable, unit_no, unit_id, sub_name, jp_name, rarity, skill_desc, skill_wait, gender, race, attribute_id, role_id, unit_type_id) values('0', '187', 'moth_girl', '純真無垢な蛾娘', 'モーラ', '3', '前方に繭の塊を飛ばし、命中した敵の周囲に光ダメージ(x13.5)/自身に闇属性耐性アップ効果(20%/15s)', '500', 'Female', 'Beast', '4', '3', '0');
insert into calc_db.unitlist_unit(unit_enable, unit_no, unit_id, sub_name, jp_name, rarity, skill_desc, skill_wait, gender, race, attribute_id, role_id, unit_type_id) values('0', '188', 'reaper_girl', '死者の守人', 'ファルチェ', '3', '[範囲追撃]自身の周囲に闇のオーラをまとった鎌を振り回し、しばらくの間(10s)、近づいた敵に闇ダメージ(x30.66)', '420', 'Female', 'Human', '5', '0', '0');
insert into calc_db.unitlist_unit(unit_enable, unit_no, unit_id, sub_name, jp_name, rarity, skill_desc, skill_wait, gender, race, attribute_id, role_id, unit_type_id) values('0', '189', 'chakram_shooter', '寡黙な巡業者', 'ジャリル', '3', '全方位にチャクラムを投げ、命中した敵に闇ダメージ(x33.75)+闇属性耐性ダウン効果(20%/15s)', '420', 'Male', 'Human', '5', '2', '0');
insert into calc_db.unitlist_unit(unit_enable, unit_no, unit_id, sub_name, jp_name, rarity, skill_desc, skill_wait, gender, race, attribute_id, role_id, unit_type_id) values('0', '190', 'devil_woman_soldier', '魔の背信者', 'アーリィ', '3', '[接触追撃]しばらくの間(10s)、ぶつかった敵に魔爪の追撃を加えて闇ダメージ(x36)/追撃の度、自身のHPを回復(1.25%)', '560', 'Female', 'Demon', '5', '1', '0');
insert into calc_db.unitlist_unit(unit_enable, unit_no, unit_id, sub_name, jp_name, rarity, skill_desc, skill_wait, gender, race, attribute_id, role_id, unit_type_id) values('0', '191', 'informant', '大望抱く情報屋', 'シオン', '3', 'しばらくの間(4.5s)ナイフを前後方に投げ続け、命中した敵に闇ダメージ(x33)+闇属性耐性ダウン(20%/15s)+鈍足効果(12s)', '530', 'Male', 'Human', '5', '0', '0');
insert into calc_db.unitlist_unit(unit_enable, unit_no, unit_id, sub_name, jp_name, rarity, skill_desc, skill_wait, gender, race, attribute_id, role_id, unit_type_id) values('0', '192', 'arabic_swordman', '残生の闘士', 'アディル', '3', '自身に攻撃力アップ効果(150%/15s)/味方に貫通効果(10s)', '450', 'Male', 'Human', '5', '0', '0');
insert into calc_db.unitlist_unit(unit_enable, unit_no, unit_id, sub_name, jp_name, rarity, skill_desc, skill_wait, gender, race, attribute_id, role_id, unit_type_id) values('0', '193', 'dark_nursemaid', 'いじわるメイド', 'ドロセア', '3', '自身以外のパーティに対してHPと引き換え(20%)に、再生(60/10s)+光属性耐性アップ効果(30%/20s)+弱体効果を全て回復', '340', 'Female', 'Human', '5', '3', '0');
insert into calc_db.unitlist_unit(unit_enable, unit_no, unit_id, sub_name, jp_name, rarity, skill_desc, skill_wait, gender, race, attribute_id, role_id, unit_type_id) values('0', '194', 'bearish_darkwitch', '夢見る魔術師', 'レベッカ', '3', '[範囲追撃]命中した敵に闇属性耐性ダウン(20%/15s)+鈍足効果(12s)/自身以外のスキルゲージ増加(15%)', '630', 'Female', 'Human / Beast', '5', '3', '0');
insert into calc_db.unitlist_unit(unit_enable, unit_no, unit_id, sub_name, jp_name, rarity, skill_desc, skill_wait, gender, race, attribute_id, role_id, unit_type_id) values('0', '195', 'monster_attract', '魔物に愛されし者', 'ノーセル', '3', '[回転]自身の周囲の敵に闇ダメージ(x12)【自身の強化効果数に応じてダメージアップ(10%)】/味方に貫通効果(8s)', '450', 'Male', 'Human', '5', '0', '0');
insert into calc_db.unitlist_unit(unit_enable, unit_no, unit_id, sub_name, jp_name, rarity, skill_desc, skill_wait, gender, race, attribute_id, role_id, unit_type_id) values('0', '196', 'delusion_girl', '妄想冒険者', 'メリル', '3', 'パーティ全体に攻撃力アップ(30%/15s)+直接攻撃ダメージアップ効果(30%/15s)/さらにメインキャラに「男性」が居た場合、追加で自身に攻撃力アップ(50%/5s)+直接攻撃ダメージアップ効果(50%/5s)', '500', 'Female', 'Human', '5', '3', '0');
insert into calc_db.unitlist_unit(unit_enable, unit_no, unit_id, sub_name, jp_name, rarity, skill_desc, skill_wait, gender, race, attribute_id, role_id, unit_type_id) values('0', '197', 'guardian_golem', '砂塵の守護者', 'ゴーレム', '2', '[前方移動]前方に高速で突進し、ぶつかった敵の周囲に火ダメージ(x21)/味方に貫通効果(6s)', '520', 'Male', 'Mecha', '0', '1', '0');
insert into calc_db.unitlist_unit(unit_enable, unit_no, unit_id, sub_name, jp_name, rarity, skill_desc, skill_wait, gender, race, attribute_id, role_id, unit_type_id) values('0', '198', 'owl', '森の識者', 'ポジート', '2', '味方に浮遊効果(9s)/参戦者全員に攻撃力アップ(40%/15s)+スキルダメージアップ効果(70%/15s)', '550', 'Male', 'Beast', '3', '3', '0');
insert into calc_db.unitlist_unit(unit_enable, unit_no, unit_id, sub_name, jp_name, rarity, skill_desc, skill_wait, gender, race, attribute_id, role_id, unit_type_id) values('0', '199', 'fox', '風刃妖怪', 'カマイタチ', '2', 'ち止まる]自身の周囲に竜巻を設置し、命中した敵に風ダメージ(x9)', '320', 'Unknown', 'Beast / Youkai', '3', '2', '0');
insert into calc_db.unitlist_unit(unit_enable, unit_no, unit_id, sub_name, jp_name, rarity, skill_desc, skill_wait, gender, race, attribute_id, role_id, unit_type_id) values('0', '200', 'towa_namakubi', '暴走支援の賜物', 'C・F・キセキ', '2', '[立ち止まる]ビームを出し後方の敵に風属性ダメージ(x16.5)', '475', 'Female', 'Mecha', '3', '2', '0');
insert into calc_db.unitlist_unit(unit_enable, unit_no, unit_id, sub_name, jp_name, rarity, skill_desc, skill_wait, gender, race, attribute_id, role_id, unit_type_id) values('0', '201', 'towa_vtuber', '時空超える電波歌姫', '斗和キセキ', '2', '[一時停止]自身の分身である首を投げて、前方の敵に風ダメージ(x15)+攻撃力ダウン(20%/15s)+鈍足効果(10s)', '475', 'Female', 'Human', '3', '1', '0');
insert into calc_db.unitlist_unit(unit_enable, unit_no, unit_id, sub_name, jp_name, rarity, skill_desc, skill_wait, gender, race, attribute_id, role_id, unit_type_id) values('0', '202', 'kinoko', '胞子の妖精', 'キノ', '1', '[低速突進]近くの敵に向かって突進しながら狂ったように爪を振り回し、進行方向の敵に火ダメージ(x6)', '420', 'Unknown', 'Plant / Sprite', '0', '1', '0');
insert into calc_db.unitlist_unit(unit_enable, unit_no, unit_id, sub_name, jp_name, rarity, skill_desc, skill_wait, gender, race, attribute_id, role_id, unit_type_id) values('0', '203', 'slango_red', '火のぷるぷる', 'レッドプル', '1', '[前方移動]しばらくの間、上方向に移動して、接触した敵とその周囲の敵に火ダメージ(x15)', '240', 'Unknown', 'Sprite', '0', '1', '0');
insert into calc_db.unitlist_unit(unit_enable, unit_no, unit_id, sub_name, jp_name, rarity, skill_desc, skill_wait, gender, race, attribute_id, role_id, unit_type_id) values('0', '204', 'spirit_fire', '炎の精霊', 'ファイアスピリ', '1', '参戦者全員のHPを回復(6%)【火属性キャラに対して効果アップ(50%)】', '400', 'Unknown', 'Sprite', '0', '3', '0');
insert into calc_db.unitlist_unit(unit_enable, unit_no, unit_id, sub_name, jp_name, rarity, skill_desc, skill_wait, gender, race, attribute_id, role_id, unit_type_id) values('0', '205', 'slango_blue', '水のぷるぷる', 'ブループル', '1', '[後方移動]しばらくの間、下方向に移動して、接触した敵とその周囲の敵に水ダメージ(x15)', '240', 'Unknown', 'Sprite', '1', '1', '0');
insert into calc_db.unitlist_unit(unit_enable, unit_no, unit_id, sub_name, jp_name, rarity, skill_desc, skill_wait, gender, race, attribute_id, role_id, unit_type_id) values('0', '206', 'slango_yellow', '雷のぷるぷる', 'イエロープル', '1', '[右移動]しばらくの間、右方向に移動して、接触した敵とその周囲の敵に雷ダメージ(x15)', '240', 'Unknown', 'Sprite', '2', '1', '0');
insert into calc_db.unitlist_unit(unit_enable, unit_no, unit_id, sub_name, jp_name, rarity, skill_desc, skill_wait, gender, race, attribute_id, role_id, unit_type_id) values('0', '207', 'paralysis_hedgehog', '電針ネズミ', 'パララット', '1', '[一時停止]全方位にマヒ針を飛ばし、命中した敵に雷ダメージ(x27)【マヒ効果中の敵へのダメージアップ(25%)】+たまにマヒ効果(60%)', '440', 'Unknown', 'Beast', '2', '2', '0');
insert into calc_db.unitlist_unit(unit_enable, unit_no, unit_id, sub_name, jp_name, rarity, skill_desc, skill_wait, gender, race, attribute_id, role_id, unit_type_id) values('0', '208', 'slango_green', '風のぷるぷる', 'グリーンプル', '1', '[左移動]しばらくの間、左方向に移動して、接触した敵とその周囲の敵に風ダメージ(x15)', '240', 'Unknown', 'Sprite', '3', '1', '0');
insert into calc_db.unitlist_unit(unit_enable, unit_no, unit_id, sub_name, jp_name, rarity, skill_desc, skill_wait, gender, race, attribute_id, role_id, unit_type_id) values('1', '0', 'staff_0013', '', '冥王の錫杖', '5', 'なし', '0', 'Unknown', 'Sprite', '3', '5', '1');
insert into calc_db.unitlist_unit(unit_enable, unit_no, unit_id, sub_name, jp_name, rarity, skill_desc, skill_wait, gender, race, attribute_id, role_id, unit_type_id) values('1', '1', 'sword_0022_boss_unique', '', '死皇の剣', '5', 'なし', '0', 'Unknown', 'Sprite', '3', '5', '1');
insert into calc_db.unitlist_unit(unit_enable, unit_no, unit_id, sub_name, jp_name, rarity, skill_desc, skill_wait, gender, race, attribute_id, role_id, unit_type_id) values('1', '2', 'axe_0018_boss_unique', '', '死皇の斧', '5', 'なし', '0', 'Unknown', 'Sprite', '3', '5', '1');
insert into calc_db.unitlist_unit(unit_enable, unit_no, unit_id, sub_name, jp_name, rarity, skill_desc, skill_wait, gender, race, attribute_id, role_id, unit_type_id) values('1', '3', 'book_0016_boss_unique', '', '死皇の書', '5', 'なし', '0', 'Unknown', 'Sprite', '3', '5', '1');
insert into calc_db.unitlist_unit(unit_enable, unit_no, unit_id, sub_name, jp_name, rarity, skill_desc, skill_wait, gender, race, attribute_id, role_id, unit_type_id) values('1', '4', 'shield_0012', '', '太古の盾', '5', 'なし', '0', 'Unknown', 'Sprite', '0', '5', '1');
insert into calc_db.unitlist_unit(unit_enable, unit_no, unit_id, sub_name, jp_name, rarity, skill_desc, skill_wait, gender, race, attribute_id, role_id, unit_type_id) values('1', '5', 'fist_0017_boss_unique', '', '古王の拳', '5', 'なし', '0', 'Unknown', 'Sprite', '0', '5', '1');
insert into calc_db.unitlist_unit(unit_enable, unit_no, unit_id, sub_name, jp_name, rarity, skill_desc, skill_wait, gender, race, attribute_id, role_id, unit_type_id) values('1', '6', 'spear_0020_boss_unique', '', '古王の槍', '5', 'なし', '0', 'Unknown', 'Sprite', '0', '5', '1');
insert into calc_db.unitlist_unit(unit_enable, unit_no, unit_id, sub_name, jp_name, rarity, skill_desc, skill_wait, gender, race, attribute_id, role_id, unit_type_id) values('1', '7', 'staff_0017_boss_unique', '', '古王の杖', '5', 'なし', '0', 'Unknown', 'Sprite', '0', '5', '1');
insert into calc_db.unitlist_unit(unit_enable, unit_no, unit_id, sub_name, jp_name, rarity, skill_desc, skill_wait, gender, race, attribute_id, role_id, unit_type_id) values('1', '8', 'spear_0017', '', '海王の槍', '5', 'なし', '0', 'Unknown', 'Sprite', '1', '5', '1');
insert into calc_db.unitlist_unit(unit_enable, unit_no, unit_id, sub_name, jp_name, rarity, skill_desc, skill_wait, gender, race, attribute_id, role_id, unit_type_id) values('1', '9', 'staff_0015', '', '潮老の杖', '5', 'なし', '0', 'Unknown', 'Sprite', '1', '5', '1');
insert into calc_db.unitlist_unit(unit_enable, unit_no, unit_id, sub_name, jp_name, rarity, skill_desc, skill_wait, gender, race, attribute_id, role_id, unit_type_id) values('1', '10', 'fist_0020_boss_unique', '', '海淵の鋏爪', '5', 'なし', '0', 'Unknown', 'Sprite', '1', '5', '1');
insert into calc_db.unitlist_unit(unit_enable, unit_no, unit_id, sub_name, jp_name, rarity, skill_desc, skill_wait, gender, race, attribute_id, role_id, unit_type_id) values('1', '11', 'sword_0025_boss_unique', '', '海淵の棘刃', '5', 'なし', '0', 'Unknown', 'Sprite', '1', '5', '1');
insert into calc_db.unitlist_unit(unit_enable, unit_no, unit_id, sub_name, jp_name, rarity, skill_desc, skill_wait, gender, race, attribute_id, role_id, unit_type_id) values('1', '12', 'shield_0018_boss_unique', '', '海淵の殻盾', '5', 'なし', '0', 'Unknown', 'Sprite', '1', '5', '1');
insert into calc_db.unitlist_unit(unit_enable, unit_no, unit_id, sub_name, jp_name, rarity, skill_desc, skill_wait, gender, race, attribute_id, role_id, unit_type_id) values('1', '13', 'bow_0014', '', '愚者の弓', '5', 'なし', '0', 'Unknown', 'Sprite', '5', '5', '1');
insert into calc_db.unitlist_unit(unit_enable, unit_no, unit_id, sub_name, jp_name, rarity, skill_desc, skill_wait, gender, race, attribute_id, role_id, unit_type_id) values('1', '14', 'book_0017_boss_unique', '', '傲慢の書', '5', 'なし', '0', 'Unknown', 'Sprite', '5', '5', '1');
insert into calc_db.unitlist_unit(unit_enable, unit_no, unit_id, sub_name, jp_name, rarity, skill_desc, skill_wait, gender, race, attribute_id, role_id, unit_type_id) values('1', '15', 'spear_0021_boss_unique', '', '暴食の槍', '5', 'なし', '0', 'Unknown', 'Sprite', '5', '5', '1');
insert into calc_db.unitlist_unit(unit_enable, unit_no, unit_id, sub_name, jp_name, rarity, skill_desc, skill_wait, gender, race, attribute_id, role_id, unit_type_id) values('1', '16', 'staff_0019_boss_unique', '', '怠惰の杖', '5', 'なし', '0', 'Unknown', 'Sprite', '5', '5', '1');
insert into calc_db.unitlist_unit(unit_enable, unit_no, unit_id, sub_name, jp_name, rarity, skill_desc, skill_wait, gender, race, attribute_id, role_id, unit_type_id) values('1', '17', 'axe_0017', '', '虎王斧', '5', 'なし', '0', 'Unknown', 'Sprite', '2', '5', '1');
insert into calc_db.unitlist_unit(unit_enable, unit_no, unit_id, sub_name, jp_name, rarity, skill_desc, skill_wait, gender, race, attribute_id, role_id, unit_type_id) values('1', '18', 'fist_0019_boss_unique', '', '父祖の拳鍔', '5', 'なし', '0', 'Unknown', 'Sprite', '2', '5', '1');
insert into calc_db.unitlist_unit(unit_enable, unit_no, unit_id, sub_name, jp_name, rarity, skill_desc, skill_wait, gender, race, attribute_id, role_id, unit_type_id) values('1', '19', 'spear_0023_boss_unique', '', '父祖の戦棍', '5', 'なし', '0', 'Unknown', 'Sprite', '2', '5', '1');
insert into calc_db.unitlist_unit(unit_enable, unit_no, unit_id, sub_name, jp_name, rarity, skill_desc, skill_wait, gender, race, attribute_id, role_id, unit_type_id) values('1', '20', 'staff_0020_boss_unique', '', '父祖の王錫', '5', 'なし', '0', 'Unknown', 'Sprite', '2', '5', '1');
insert into calc_db.unitlist_unit(unit_enable, unit_no, unit_id, sub_name, jp_name, rarity, skill_desc, skill_wait, gender, race, attribute_id, role_id, unit_type_id) values('1', '21', 'shield_0013', '', 'オブストラクター', '5', 'なし', '0', 'Unknown', 'Sprite', '4', '5', '1');
insert into calc_db.unitlist_unit(unit_enable, unit_no, unit_id, sub_name, jp_name, rarity, skill_desc, skill_wait, gender, race, attribute_id, role_id, unit_type_id) values('1', '22', 'book_0013', '', 'スクリプチャー', '5', 'なし', '0', 'Unknown', 'Sprite', '4', '5', '1');
insert into calc_db.unitlist_unit(unit_enable, unit_no, unit_id, sub_name, jp_name, rarity, skill_desc, skill_wait, gender, race, attribute_id, role_id, unit_type_id) values('1', '23', 'gun_0004_boss_unique', '', 'インサニティ', '5', 'なし', '0', 'Unknown', 'Sprite', '4', '5', '1');
insert into calc_db.unitlist_unit(unit_enable, unit_no, unit_id, sub_name, jp_name, rarity, skill_desc, skill_wait, gender, race, attribute_id, role_id, unit_type_id) values('1', '24', 'shield_0020_boss_unique', '', 'ノスタルジア', '5', 'なし', '0', 'Unknown', 'Sprite', '4', '5', '1');
insert into calc_db.unitlist_unit(unit_enable, unit_no, unit_id, sub_name, jp_name, rarity, skill_desc, skill_wait, gender, race, attribute_id, role_id, unit_type_id) values('1', '25', 'sword_0029_boss_unique', '', 'カーディナル', '5', 'なし', '0', 'Unknown', 'Sprite', '4', '5', '1');
insert into calc_db.unitlist_unit(unit_enable, unit_no, unit_id, sub_name, jp_name, rarity, skill_desc, skill_wait, gender, race, attribute_id, role_id, unit_type_id) values('1', '26', 'sword_0004', '', '天羽々斬', '5', 'なし', '0', 'Unknown', 'Sprite', '5', '5', '1');
insert into calc_db.unitlist_unit(unit_enable, unit_no, unit_id, sub_name, jp_name, rarity, skill_desc, skill_wait, gender, race, attribute_id, role_id, unit_type_id) values('1', '27', 'sword_0012', '', 'プロメテウスの剣', '5', 'なし', '0', 'Unknown', 'Sprite', '0', '5', '1');
insert into calc_db.unitlist_unit(unit_enable, unit_no, unit_id, sub_name, jp_name, rarity, skill_desc, skill_wait, gender, race, attribute_id, role_id, unit_type_id) values('1', '28', 'spear_0011', '', 'オケアノスの槍', '5', 'なし', '0', 'Unknown', 'Sprite', '1', '5', '1');
insert into calc_db.unitlist_unit(unit_enable, unit_no, unit_id, sub_name, jp_name, rarity, skill_desc, skill_wait, gender, race, attribute_id, role_id, unit_type_id) values('1', '29', 'axe_0009', '', 'トールの鎚', '5', 'なし', '0', 'Unknown', 'Sprite', '2', '5', '1');
insert into calc_db.unitlist_unit(unit_enable, unit_no, unit_id, sub_name, jp_name, rarity, skill_desc, skill_wait, gender, race, attribute_id, role_id, unit_type_id) values('1', '30', 'bow_0009', '', 'アイオロスの弓', '5', 'なし', '0', 'Unknown', 'Sprite', '3', '5', '1');
insert into calc_db.unitlist_unit(unit_enable, unit_no, unit_id, sub_name, jp_name, rarity, skill_desc, skill_wait, gender, race, attribute_id, role_id, unit_type_id) values('1', '31', 'sword_0011', '', 'ヘイムダルの剣', '5', 'なし', '0', 'Unknown', 'Sprite', '4', '5', '1');
insert into calc_db.unitlist_unit(unit_enable, unit_no, unit_id, sub_name, jp_name, rarity, skill_desc, skill_wait, gender, race, attribute_id, role_id, unit_type_id) values('1', '32', 'fist_0009', '', 'オルクスの拳', '5', 'なし', '0', 'Unknown', 'Sprite', '5', '5', '1');
insert into calc_db.unitlist_unit(unit_enable, unit_no, unit_id, sub_name, jp_name, rarity, skill_desc, skill_wait, gender, race, attribute_id, role_id, unit_type_id) values('1', '33', 'shield_0014_xmas', '', '聖鈴の円盾', '5', 'なし', '0', 'Unknown', 'Sprite', '1', '5', '1');
insert into calc_db.unitlist_unit(unit_enable, unit_no, unit_id, sub_name, jp_name, rarity, skill_desc, skill_wait, gender, race, attribute_id, role_id, unit_type_id) values('1', '34', 'sword_0019', '', '黒竜雷剣', '5', 'なし', '0', 'Unknown', 'Sprite', '2', '5', '1');
insert into calc_db.unitlist_unit(unit_enable, unit_no, unit_id, sub_name, jp_name, rarity, skill_desc, skill_wait, gender, race, attribute_id, role_id, unit_type_id) values('1', '35', 'staff_0016_raid', '', '灼炎竜杖', '5', 'なし', '0', 'Unknown', 'Sprite', '0', '5', '1');
insert into calc_db.unitlist_unit(unit_enable, unit_no, unit_id, sub_name, jp_name, rarity, skill_desc, skill_wait, gender, race, attribute_id, role_id, unit_type_id) values('1', '36', 'bow_0019_raid', '', '灼炎竜弓', '5', 'なし', '0', 'Unknown', 'Sprite', '0', '5', '1');
insert into calc_db.unitlist_unit(unit_enable, unit_no, unit_id, sub_name, jp_name, rarity, skill_desc, skill_wait, gender, race, attribute_id, role_id, unit_type_id) values('1', '37', 'sword_0020_coop', '', '極彩宝石の双剣', '5', 'なし', '0', 'Unknown', 'Sprite', '5', '5', '1');
insert into calc_db.unitlist_unit(unit_enable, unit_no, unit_id, sub_name, jp_name, rarity, skill_desc, skill_wait, gender, race, attribute_id, role_id, unit_type_id) values('1', '38', 'book_0015_storyevent', '', 'ヴァレント伯の手記', '5', 'なし', '0', 'Unknown', 'Sprite', '3', '5', '1');
insert into calc_db.unitlist_unit(unit_enable, unit_no, unit_id, sub_name, jp_name, rarity, skill_desc, skill_wait, gender, race, attribute_id, role_id, unit_type_id) values('1', '39', 'acce_0001_total', '', '雫のペンダント', '5', 'なし', '0', 'Unknown', 'Sprite', '6', '5', '1');
insert into calc_db.unitlist_unit(unit_enable, unit_no, unit_id, sub_name, jp_name, rarity, skill_desc, skill_wait, gender, race, attribute_id, role_id, unit_type_id) values('1', '40', 'gun_rare5_positron_shooter', '', 'ポジトロンシューター', '5', 'なし', '0', 'Unknown', 'Sprite', '4', '5', '1');
insert into calc_db.unitlist_unit(unit_enable, unit_no, unit_id, sub_name, jp_name, rarity, skill_desc, skill_wait, gender, race, attribute_id, role_id, unit_type_id) values('1', '41', 'staff_rare5_24_7', '', '２４／７', '5', 'なし', '0', 'Unknown', 'Sprite', '5', '5', '1');
insert into calc_db.unitlist_unit(unit_enable, unit_no, unit_id, sub_name, jp_name, rarity, skill_desc, skill_wait, gender, race, attribute_id, role_id, unit_type_id) values('1', '42', 'bow_0017_raid', '', '光芒竜弓', '5', 'なし', '0', 'Unknown', 'Sprite', '4', '5', '1');
insert into calc_db.unitlist_unit(unit_enable, unit_no, unit_id, sub_name, jp_name, rarity, skill_desc, skill_wait, gender, race, attribute_id, role_id, unit_type_id) values('1', '43', 'spear_0022_coop', '', '方天画戟', '5', 'なし', '0', 'Unknown', 'Sprite', '3', '5', '1');
insert into calc_db.unitlist_unit(unit_enable, unit_no, unit_id, sub_name, jp_name, rarity, skill_desc, skill_wait, gender, race, attribute_id, role_id, unit_type_id) values('1', '44', 'acce_0002', '', 'プリイグナイター', '5', 'なし', '0', 'Unknown', 'Sprite', '6', '5', '1');
insert into calc_db.unitlist_unit(unit_enable, unit_no, unit_id, sub_name, jp_name, rarity, skill_desc, skill_wait, gender, race, attribute_id, role_id, unit_type_id) values('1', '45', 'acce_0003', '', '双牙のネックレス', '5', 'なし', '0', 'Unknown', 'Sprite', '6', '5', '1');
insert into calc_db.unitlist_unit(unit_enable, unit_no, unit_id, sub_name, jp_name, rarity, skill_desc, skill_wait, gender, race, attribute_id, role_id, unit_type_id) values('1', '46', 'acce_0004', '', '世界樹の朝露', '5', 'なし', '0', 'Unknown', 'Sprite', '6', '5', '1');
insert into calc_db.unitlist_unit(unit_enable, unit_no, unit_id, sub_name, jp_name, rarity, skill_desc, skill_wait, gender, race, attribute_id, role_id, unit_type_id) values('1', '47', 'bow_0018_coop', '', '海馬雷弓', '5', 'なし', '0', 'Unknown', 'Sprite', '2', '5', '1');
insert into calc_db.unitlist_unit(unit_enable, unit_no, unit_id, sub_name, jp_name, rarity, skill_desc, skill_wait, gender, race, attribute_id, role_id, unit_type_id) values('1', '48', 'staff_0021_storyevent', '', 'モスニアタクト', '5', 'なし', '0', 'Unknown', 'Sprite', '2', '5', '1');
insert into calc_db.unitlist_unit(unit_enable, unit_no, unit_id, sub_name, jp_name, rarity, skill_desc, skill_wait, gender, race, attribute_id, role_id, unit_type_id) values('1', '49', 'fist_0021_storyevent', '', '虚城拳', '5', 'なし', '0', 'Unknown', 'Sprite', '1', '5', '1');
insert into calc_db.unitlist_unit(unit_enable, unit_no, unit_id, sub_name, jp_name, rarity, skill_desc, skill_wait, gender, race, attribute_id, role_id, unit_type_id) values('1', '50', 'sword_0026_PCollab', '', 'プリンセスソード', '5', 'なし', '0', 'Unknown', 'Sprite', '4', '5', '1');
insert into calc_db.unitlist_unit(unit_enable, unit_no, unit_id, sub_name, jp_name, rarity, skill_desc, skill_wait, gender, race, attribute_id, role_id, unit_type_id) values('1', '51', 'book_0018_PCollab', '', 'Ｃ・グリモワール', '5', 'なし', '0', 'Unknown', 'Sprite', '5', '5', '1');
insert into calc_db.unitlist_unit(unit_enable, unit_no, unit_id, sub_name, jp_name, rarity, skill_desc, skill_wait, gender, race, attribute_id, role_id, unit_type_id) values('1', '52', 'acce_0005_PCollab', '', 'アメスの衛守', '5', 'なし', '0', 'Unknown', 'Sprite', '3', '5', '1');
insert into calc_db.unitlist_unit(unit_enable, unit_no, unit_id, sub_name, jp_name, rarity, skill_desc, skill_wait, gender, race, attribute_id, role_id, unit_type_id) values('1', '53', 'sword_0030_coop', '', '牛鬼の尾', '5', 'なし', '0', 'Unknown', 'Sprite', '5', '5', '1');
insert into calc_db.unitlist_unit(unit_enable, unit_no, unit_id, sub_name, jp_name, rarity, skill_desc, skill_wait, gender, race, attribute_id, role_id, unit_type_id) values('1', '54', 'book_0020_raid', '', '水蝕竜書', '5', 'なし', '0', 'Unknown', 'Sprite', '1', '5', '1');
insert into calc_db.unitlist_unit(unit_enable, unit_no, unit_id, sub_name, jp_name, rarity, skill_desc, skill_wait, gender, race, attribute_id, role_id, unit_type_id) values('1', '55', 'acce_0007_total', '', '雫のブレスレット', '5', 'なし', '0', 'Unknown', 'Sprite', '6', '5', '1');
insert into calc_db.unitlist_unit(unit_enable, unit_no, unit_id, sub_name, jp_name, rarity, skill_desc, skill_wait, gender, race, attribute_id, role_id, unit_type_id) values('1', '56', 'gun_0005_storyevent', '', 'ＭＭ２８', '5', 'なし', '0', 'Unknown', 'Sprite', '1', '5', '1');
insert into calc_db.unitlist_unit(unit_enable, unit_no, unit_id, sub_name, jp_name, rarity, skill_desc, skill_wait, gender, race, attribute_id, role_id, unit_type_id) values('1', '57', 'acce_0011_storyevent', '', 'ゲノムピアッサー', '5', 'なし', '0', 'Unknown', 'Sprite', '0', '5', '1');
insert into calc_db.unitlist_unit(unit_enable, unit_no, unit_id, sub_name, jp_name, rarity, skill_desc, skill_wait, gender, race, attribute_id, role_id, unit_type_id) values('1', '58', 'axe_0020_raid', '', '凶闇竜鎌', '5', 'なし', '0', 'Unknown', 'Sprite', '5', '5', '1');
insert into calc_db.unitlist_unit(unit_enable, unit_no, unit_id, sub_name, jp_name, rarity, skill_desc, skill_wait, gender, race, attribute_id, role_id, unit_type_id) values('1', '59', 'gun_0006_raid', '', '凶闇竜銃', '5', 'なし', '0', 'Unknown', 'Sprite', '5', '5', '1');
insert into calc_db.unitlist_unit(unit_enable, unit_no, unit_id, sub_name, jp_name, rarity, skill_desc, skill_wait, gender, race, attribute_id, role_id, unit_type_id) values('1', '60', 'acce_0008_ZCollab', '', '乙女のリボン', '5', 'なし', '0', 'Unknown', 'Sprite', '1', '5', '1');
insert into calc_db.unitlist_unit(unit_enable, unit_no, unit_id, sub_name, jp_name, rarity, skill_desc, skill_wait, gender, race, attribute_id, role_id, unit_type_id) values('1', '61', 'acce_0009_ZCollab', '', '誰かのサングラス', '5', 'なし', '0', 'Unknown', 'Sprite', '5', '5', '1');
insert into calc_db.unitlist_unit(unit_enable, unit_no, unit_id, sub_name, jp_name, rarity, skill_desc, skill_wait, gender, race, attribute_id, role_id, unit_type_id) values('1', '62', 'acce_0010_ZCollab', '', '大事そうな包帯', '5', 'なし', '0', 'Unknown', 'Sprite', '4', '5', '1');
insert into calc_db.unitlist_unit(unit_enable, unit_no, unit_id, sub_name, jp_name, rarity, skill_desc, skill_wait, gender, race, attribute_id, role_id, unit_type_id) values('1', '63', 'book_0014', '', '妖怪百名帳', '5', 'なし', '0', 'Unknown', 'Sprite', '5', '5', '1');
insert into calc_db.unitlist_unit(unit_enable, unit_no, unit_id, sub_name, jp_name, rarity, skill_desc, skill_wait, gender, race, attribute_id, role_id, unit_type_id) values('1', '64', 'spear_0026_storyevent', '', '天狗堂の筆', '5', 'なし', '0', 'Unknown', 'Sprite', '3', '5', '1');
insert into calc_db.unitlist_unit(unit_enable, unit_no, unit_id, sub_name, jp_name, rarity, skill_desc, skill_wait, gender, race, attribute_id, role_id, unit_type_id) values('1', '65', 'axe_0022_storyevent', '', '前鬼の斧', '5', 'なし', '0', 'Unknown', 'Sprite', '2', '5', '1');
insert into calc_db.unitlist_unit(unit_enable, unit_no, unit_id, sub_name, jp_name, rarity, skill_desc, skill_wait, gender, race, attribute_id, role_id, unit_type_id) values('1', '66', 'axe_0008', '', 'ウコンバサラ', '5', 'なし', '0', 'Unknown', 'Sprite', '4', '5', '1');
insert into calc_db.unitlist_unit(unit_enable, unit_no, unit_id, sub_name, jp_name, rarity, skill_desc, skill_wait, gender, race, attribute_id, role_id, unit_type_id) values('1', '67', 'fist_0023', '', 'トーテムセスタス', '5', 'なし', '0', 'Unknown', 'Sprite', '4', '5', '1');
insert into calc_db.unitlist_unit(unit_enable, unit_no, unit_id, sub_name, jp_name, rarity, skill_desc, skill_wait, gender, race, attribute_id, role_id, unit_type_id) values('1', '68', 'shield_0007', '', '天磐盾', '5', 'なし', '0', 'Unknown', 'Sprite', '5', '5', '1');
insert into calc_db.unitlist_unit(unit_enable, unit_no, unit_id, sub_name, jp_name, rarity, skill_desc, skill_wait, gender, race, attribute_id, role_id, unit_type_id) values('1', '69', 'sword_0028', '', 'ティルヴィング', '5', 'なし', '0', 'Unknown', 'Sprite', '5', '5', '1');
insert into calc_db.unitlist_unit(unit_enable, unit_no, unit_id, sub_name, jp_name, rarity, skill_desc, skill_wait, gender, race, attribute_id, role_id, unit_type_id) values('1', '70', 'book_0009', '', '占事略決', '5', 'なし', '0', 'Unknown', 'Sprite', '0', '5', '1');
insert into calc_db.unitlist_unit(unit_enable, unit_no, unit_id, sub_name, jp_name, rarity, skill_desc, skill_wait, gender, race, attribute_id, role_id, unit_type_id) values('1', '71', 'bow_0016', '', 'プレデター', '5', 'なし', '0', 'Unknown', 'Sprite', '0', '5', '1');
insert into calc_db.unitlist_unit(unit_enable, unit_no, unit_id, sub_name, jp_name, rarity, skill_desc, skill_wait, gender, race, attribute_id, role_id, unit_type_id) values('1', '72', 'axe_0010', '', 'デスシックル', '5', 'なし', '0', 'Unknown', 'Sprite', '1', '5', '1');
insert into calc_db.unitlist_unit(unit_enable, unit_no, unit_id, sub_name, jp_name, rarity, skill_desc, skill_wait, gender, race, attribute_id, role_id, unit_type_id) values('1', '73', 'staff_0009', '', 'アストロラーベ', '5', 'なし', '0', 'Unknown', 'Sprite', '2', '5', '1');
insert into calc_db.unitlist_unit(unit_enable, unit_no, unit_id, sub_name, jp_name, rarity, skill_desc, skill_wait, gender, race, attribute_id, role_id, unit_type_id) values('1', '74', 'spear_0025', '', 'ボルトショッカー', '5', 'なし', '0', 'Unknown', 'Sprite', '2', '5', '1');
insert into calc_db.unitlist_unit(unit_enable, unit_no, unit_id, sub_name, jp_name, rarity, skill_desc, skill_wait, gender, race, attribute_id, role_id, unit_type_id) values('1', '75', 'bow_0010', '', 'メテオラ', '5', 'なし', '0', 'Unknown', 'Sprite', '3', '5', '1');
insert into calc_db.unitlist_unit(unit_enable, unit_no, unit_id, sub_name, jp_name, rarity, skill_desc, skill_wait, gender, race, attribute_id, role_id, unit_type_id) values('1', '76', 'gun_0002', '', '船上式三四三号銃', '5', 'なし', '0', 'Unknown', 'Sprite', '3', '5', '1');
insert into calc_db.unitlist_unit(unit_enable, unit_no, unit_id, sub_name, jp_name, rarity, skill_desc, skill_wait, gender, race, attribute_id, role_id, unit_type_id) values('1', '77', 'main_chapter_orb_1', '', '精霊の微笑み', '5', 'なし', '0', 'Unknown', 'Sprite', '6', '5', '1');
insert into calc_db.unitlist_unit(unit_enable, unit_no, unit_id, sub_name, jp_name, rarity, skill_desc, skill_wait, gender, race, attribute_id, role_id, unit_type_id) values('1', '78', 'main_chapter_orb_2', '', '砂海の友情', '5', 'なし', '0', 'Unknown', 'Sprite', '6', '5', '1');
insert into calc_db.unitlist_unit(unit_enable, unit_no, unit_id, sub_name, jp_name, rarity, skill_desc, skill_wait, gender, race, attribute_id, role_id, unit_type_id) values('1', '79', 'main_chapter_orb_3', '', '女海賊の狂宴', '5', 'なし', '0', 'Unknown', 'Sprite', '6', '5', '1');
insert into calc_db.unitlist_unit(unit_enable, unit_no, unit_id, sub_name, jp_name, rarity, skill_desc, skill_wait, gender, race, attribute_id, role_id, unit_type_id) values('1', '80', 'main_chapter_orb_4', '', '爪牙の交わり', '5', 'なし', '0', 'Unknown', 'Sprite', '6', '5', '1');
insert into calc_db.unitlist_unit(unit_enable, unit_no, unit_id, sub_name, jp_name, rarity, skill_desc, skill_wait, gender, race, attribute_id, role_id, unit_type_id) values('1', '81', 'main_chapter_orb_5', '', '歌姫の調べ', '5', 'なし', '0', 'Unknown', 'Sprite', '6', '5', '1');
insert into calc_db.unitlist_unit(unit_enable, unit_no, unit_id, sub_name, jp_name, rarity, skill_desc, skill_wait, gender, race, attribute_id, role_id, unit_type_id) values('1', '82', 'main_chapter_orb_6', '', '人妖百鬼夜行', '5', 'なし', '0', 'Unknown', 'Sprite', '6', '5', '1');
insert into calc_db.unitlist_unit(unit_enable, unit_no, unit_id, sub_name, jp_name, rarity, skill_desc, skill_wait, gender, race, attribute_id, role_id, unit_type_id) values('1', '83', 'main_chapter_orb_7', '', '炎の絆', '5', 'なし', '0', 'Unknown', 'Sprite', '6', '5', '1');
insert into calc_db.unitlist_unit(unit_enable, unit_no, unit_id, sub_name, jp_name, rarity, skill_desc, skill_wait, gender, race, attribute_id, role_id, unit_type_id) values('1', '84', 'sword_0005', '', 'デュランダル', '5', 'なし', '0', 'Unknown', 'Sprite', '6', '5', '1');
insert into calc_db.unitlist_unit(unit_enable, unit_no, unit_id, sub_name, jp_name, rarity, skill_desc, skill_wait, gender, race, attribute_id, role_id, unit_type_id) values('1', '85', 'spear_0005', '', 'マルテ', '5', 'なし', '0', 'Unknown', 'Sprite', '6', '5', '1');
insert into calc_db.unitlist_unit(unit_enable, unit_no, unit_id, sub_name, jp_name, rarity, skill_desc, skill_wait, gender, race, attribute_id, role_id, unit_type_id) values('1', '86', 'bow_0020_score', '', '天相弓', '5', 'なし', '0', 'Unknown', 'Sprite', '1', '5', '1');
insert into calc_db.unitlist_unit(unit_enable, unit_no, unit_id, sub_name, jp_name, rarity, skill_desc, skill_wait, gender, race, attribute_id, role_id, unit_type_id) values('1', '87', 'practice_trophy_1', '', '守りを超越した証', '5', 'なし', '0', 'Unknown', 'Sprite', '6', '5', '1');
insert into calc_db.unitlist_unit(unit_enable, unit_no, unit_id, sub_name, jp_name, rarity, skill_desc, skill_wait, gender, race, attribute_id, role_id, unit_type_id) values('1', '88', 'practice_trophy_5', '', '硬さを超越した証', '5', 'なし', '0', 'Unknown', 'Sprite', '6', '5', '1');
insert into calc_db.unitlist_unit(unit_enable, unit_no, unit_id, sub_name, jp_name, rarity, skill_desc, skill_wait, gender, race, attribute_id, role_id, unit_type_id) values('1', '89', 'practice_trophy_4', '', '速さを超越した証', '5', 'なし', '0', 'Unknown', 'Sprite', '6', '5', '1');
insert into calc_db.unitlist_unit(unit_enable, unit_no, unit_id, sub_name, jp_name, rarity, skill_desc, skill_wait, gender, race, attribute_id, role_id, unit_type_id) values('1', '90', 'practice_trophy_3', '', '強さを超越した証', '5', 'なし', '0', 'Unknown', 'Sprite', '6', '5', '1');
insert into calc_db.unitlist_unit(unit_enable, unit_no, unit_id, sub_name, jp_name, rarity, skill_desc, skill_wait, gender, race, attribute_id, role_id, unit_type_id) values('1', '91', 'practice_trophy_2', '', '呪いを超越した証', '5', 'なし', '0', 'Unknown', 'Sprite', '6', '5', '1');
insert into calc_db.unitlist_unit(unit_enable, unit_no, unit_id, sub_name, jp_name, rarity, skill_desc, skill_wait, gender, race, attribute_id, role_id, unit_type_id) values('1', '92', 'trophy_maou_hunt', '', '粛清の証', '5', 'なし', '0', 'Unknown', 'Sprite', '6', '5', '1');
insert into calc_db.unitlist_unit(unit_enable, unit_no, unit_id, sub_name, jp_name, rarity, skill_desc, skill_wait, gender, race, attribute_id, role_id, unit_type_id) values('1', '93', 'sword_0014', '', '木霊の大剣', '4', 'なし', '0', 'Unknown', 'Sprite', '3', '5', '1');
insert into calc_db.unitlist_unit(unit_enable, unit_no, unit_id, sub_name, jp_name, rarity, skill_desc, skill_wait, gender, race, attribute_id, role_id, unit_type_id) values('1', '94', 'sword_0015', '', '禍根の剣', '4', 'なし', '0', 'Unknown', 'Sprite', '3', '5', '1');
insert into calc_db.unitlist_unit(unit_enable, unit_no, unit_id, sub_name, jp_name, rarity, skill_desc, skill_wait, gender, race, attribute_id, role_id, unit_type_id) values('1', '95', 'book_0011', '', '石兵要術', '4', 'なし', '0', 'Unknown', 'Sprite', '0', '5', '1');
insert into calc_db.unitlist_unit(unit_enable, unit_no, unit_id, sub_name, jp_name, rarity, skill_desc, skill_wait, gender, race, attribute_id, role_id, unit_type_id) values('1', '96', 'fist_0011', '', '大烏賊爪', '4', 'なし', '0', 'Unknown', 'Sprite', '1', '5', '1');
insert into calc_db.unitlist_unit(unit_enable, unit_no, unit_id, sub_name, jp_name, rarity, skill_desc, skill_wait, gender, race, attribute_id, role_id, unit_type_id) values('1', '97', 'sword_0017', '', '貝帝の剣', '4', 'なし', '0', 'Unknown', 'Sprite', '1', '5', '1');
insert into calc_db.unitlist_unit(unit_enable, unit_no, unit_id, sub_name, jp_name, rarity, skill_desc, skill_wait, gender, race, attribute_id, role_id, unit_type_id) values('1', '98', 'axe_0016', '', 'カースアックス', '4', 'なし', '0', 'Unknown', 'Sprite', '5', '5', '1');
insert into calc_db.unitlist_unit(unit_enable, unit_no, unit_id, sub_name, jp_name, rarity, skill_desc, skill_wait, gender, race, attribute_id, role_id, unit_type_id) values('1', '99', 'bow_0012', '', '玄虎の弓', '4', 'なし', '0', 'Unknown', 'Sprite', '2', '5', '1');
insert into calc_db.unitlist_unit(unit_enable, unit_no, unit_id, sub_name, jp_name, rarity, skill_desc, skill_wait, gender, race, attribute_id, role_id, unit_type_id) values('1', '100', 'sword_0018', '', 'コンヴィクション', '4', 'なし', '0', 'Unknown', 'Sprite', '4', '5', '1');
insert into calc_db.unitlist_unit(unit_enable, unit_no, unit_id, sub_name, jp_name, rarity, skill_desc, skill_wait, gender, race, attribute_id, role_id, unit_type_id) values('1', '101', 'spear_0014', '', 'デストロイヤー', '4', 'なし', '0', 'Unknown', 'Sprite', '4', '5', '1');
insert into calc_db.unitlist_unit(unit_enable, unit_no, unit_id, sub_name, jp_name, rarity, skill_desc, skill_wait, gender, race, attribute_id, role_id, unit_type_id) values('1', '102', 'sword_0003', '', '妖刀蛇崩', '4', 'なし', '0', 'Unknown', 'Sprite', '5', '5', '1');
insert into calc_db.unitlist_unit(unit_enable, unit_no, unit_id, sub_name, jp_name, rarity, skill_desc, skill_wait, gender, race, attribute_id, role_id, unit_type_id) values('1', '103', 'spear_0019', '', '黒竜雷槍', '4', 'なし', '0', 'Unknown', 'Sprite', '2', '5', '1');
insert into calc_db.unitlist_unit(unit_enable, unit_no, unit_id, sub_name, jp_name, rarity, skill_desc, skill_wait, gender, race, attribute_id, role_id, unit_type_id) values('1', '104', 'fist_0016_raid', '', '灼炎竜拳', '4', 'なし', '0', 'Unknown', 'Sprite', '0', '5', '1');
insert into calc_db.unitlist_unit(unit_enable, unit_no, unit_id, sub_name, jp_name, rarity, skill_desc, skill_wait, gender, race, attribute_id, role_id, unit_type_id) values('1', '105', 'sword_rare4_phl_blade', '', 'ＰＨＬブレード', '4', 'なし', '0', 'Unknown', 'Sprite', '4', '5', '1');
insert into calc_db.unitlist_unit(unit_enable, unit_no, unit_id, sub_name, jp_name, rarity, skill_desc, skill_wait, gender, race, attribute_id, role_id, unit_type_id) values('1', '106', 'shield_0016_raid', '', '光芒竜盾', '4', 'なし', '0', 'Unknown', 'Sprite', '4', '5', '1');
insert into calc_db.unitlist_unit(unit_enable, unit_no, unit_id, sub_name, jp_name, rarity, skill_desc, skill_wait, gender, race, attribute_id, role_id, unit_type_id) values('1', '107', 'sword_0024_coop', '', '七支銅刀', '4', 'なし', '0', 'Unknown', 'Sprite', '0', '5', '1');
insert into calc_db.unitlist_unit(unit_enable, unit_no, unit_id, sub_name, jp_name, rarity, skill_desc, skill_wait, gender, race, attribute_id, role_id, unit_type_id) values('1', '108', 'book_0019_coop', '', '海賊用兵術', '4', 'なし', '0', 'Unknown', 'Sprite', '1', '5', '1');
insert into calc_db.unitlist_unit(unit_enable, unit_no, unit_id, sub_name, jp_name, rarity, skill_desc, skill_wait, gender, race, attribute_id, role_id, unit_type_id) values('1', '109', 'acce_0006_storyevent', '', '門鍵の首飾り', '4', 'なし', '0', 'Unknown', 'Sprite', '2', '5', '1');
insert into calc_db.unitlist_unit(unit_enable, unit_no, unit_id, sub_name, jp_name, rarity, skill_desc, skill_wait, gender, race, attribute_id, role_id, unit_type_id) values('1', '110', 'axe_0019_coop', '', '名匠の槌', '4', 'なし', '0', 'Unknown', 'Sprite', '4', '5', '1');
insert into calc_db.unitlist_unit(unit_enable, unit_no, unit_id, sub_name, jp_name, rarity, skill_desc, skill_wait, gender, race, attribute_id, role_id, unit_type_id) values('1', '111', 'gun_0003_raid', '', '水蝕竜銃', '4', 'なし', '0', 'Unknown', 'Sprite', '1', '5', '1');
insert into calc_db.unitlist_unit(unit_enable, unit_no, unit_id, sub_name, jp_name, rarity, skill_desc, skill_wait, gender, race, attribute_id, role_id, unit_type_id) values('1', '112', 'axe_0021_storyevent', '', 'ゴールドレーク', '4', 'なし', '0', 'Unknown', 'Sprite', '1', '5', '1');
insert into calc_db.unitlist_unit(unit_enable, unit_no, unit_id, sub_name, jp_name, rarity, skill_desc, skill_wait, gender, race, attribute_id, role_id, unit_type_id) values('1', '113', 'staff_0023_raid', '', '凶闇竜杖', '4', 'なし', '0', 'Unknown', 'Sprite', '5', '5', '1');
insert into calc_db.unitlist_unit(unit_enable, unit_no, unit_id, sub_name, jp_name, rarity, skill_desc, skill_wait, gender, race, attribute_id, role_id, unit_type_id) values('1', '114', 'axe_0014', '', '狐影の斧', '4', 'なし', '0', 'Unknown', 'Sprite', '5', '5', '1');
insert into calc_db.unitlist_unit(unit_enable, unit_no, unit_id, sub_name, jp_name, rarity, skill_desc, skill_wait, gender, race, attribute_id, role_id, unit_type_id) values('1', '115', 'book_0021_storyevent', '', '百物語', '4', 'なし', '0', 'Unknown', 'Sprite', '3', '5', '1');
insert into calc_db.unitlist_unit(unit_enable, unit_no, unit_id, sub_name, jp_name, rarity, skill_desc, skill_wait, gender, race, attribute_id, role_id, unit_type_id) values('1', '116', 'sword_0010', '', 'イルウーン', '4', 'なし', '0', 'Unknown', 'Sprite', '4', '5', '1');
insert into calc_db.unitlist_unit(unit_enable, unit_no, unit_id, sub_name, jp_name, rarity, skill_desc, skill_wait, gender, race, attribute_id, role_id, unit_type_id) values('0', '117', 'tmp0000', '', 'ノイズスクラッチ', '4', 'なし', '0', 'Unknown', 'Sprite', '4', '5', '1');
insert into calc_db.unitlist_unit(unit_enable, unit_no, unit_id, sub_name, jp_name, rarity, skill_desc, skill_wait, gender, race, attribute_id, role_id, unit_type_id) values('1', '118', 'book_0007', '', 'ニーベルンゲン', '4', 'なし', '0', 'Unknown', 'Sprite', '5', '5', '1');
insert into calc_db.unitlist_unit(unit_enable, unit_no, unit_id, sub_name, jp_name, rarity, skill_desc, skill_wait, gender, race, attribute_id, role_id, unit_type_id) values('1', '119', 'staff_0022', '', '血脈の杖', '4', 'なし', '0', 'Unknown', 'Sprite', '5', '5', '1');
insert into calc_db.unitlist_unit(unit_enable, unit_no, unit_id, sub_name, jp_name, rarity, skill_desc, skill_wait, gender, race, attribute_id, role_id, unit_type_id) values('1', '120', 'spear_0003', '', 'ジャベリン', '4', 'なし', '0', 'Unknown', 'Sprite', '0', '5', '1');
insert into calc_db.unitlist_unit(unit_enable, unit_no, unit_id, sub_name, jp_name, rarity, skill_desc, skill_wait, gender, race, attribute_id, role_id, unit_type_id) values('1', '121', 'shield_0003', '', 'ダイヤシールド', '4', 'なし', '0', 'Unknown', 'Sprite', '1', '5', '1');
insert into calc_db.unitlist_unit(unit_enable, unit_no, unit_id, sub_name, jp_name, rarity, skill_desc, skill_wait, gender, race, attribute_id, role_id, unit_type_id) values('1', '122', 'fist_0004', '', '赤鬼の篭手', '4', 'なし', '0', 'Unknown', 'Sprite', '2', '5', '1');
insert into calc_db.unitlist_unit(unit_enable, unit_no, unit_id, sub_name, jp_name, rarity, skill_desc, skill_wait, gender, race, attribute_id, role_id, unit_type_id) values('1', '123', 'shield_0019', '', '四つ巴の盾', '4', 'なし', '0', 'Unknown', 'Sprite', '2', '5', '1');
insert into calc_db.unitlist_unit(unit_enable, unit_no, unit_id, sub_name, jp_name, rarity, skill_desc, skill_wait, gender, race, attribute_id, role_id, unit_type_id) values('1', '124', 'bow_0008', '', '梓弓', '4', 'なし', '0', 'Unknown', 'Sprite', '3', '5', '1');
insert into calc_db.unitlist_unit(unit_enable, unit_no, unit_id, sub_name, jp_name, rarity, skill_desc, skill_wait, gender, race, attribute_id, role_id, unit_type_id) values('1', '125', 'spear_0024', '', '風車', '4', 'なし', '0', 'Unknown', 'Sprite', '3', '5', '1');
insert into calc_db.unitlist_unit(unit_enable, unit_no, unit_id, sub_name, jp_name, rarity, skill_desc, skill_wait, gender, race, attribute_id, role_id, unit_type_id) values('1', '126', 'spear_0004', '', 'ツイストランス', '4', 'なし', '0', 'Unknown', 'Sprite', '6', '5', '1');
insert into calc_db.unitlist_unit(unit_enable, unit_no, unit_id, sub_name, jp_name, rarity, skill_desc, skill_wait, gender, race, attribute_id, role_id, unit_type_id) values('1', '127', 'staff_0005', '', 'ホーリーロッド', '4', 'なし', '0', 'Unknown', 'Sprite', '6', '5', '1');
insert into calc_db.unitlist_unit(unit_enable, unit_no, unit_id, sub_name, jp_name, rarity, skill_desc, skill_wait, gender, race, attribute_id, role_id, unit_type_id) values('1', '128', 'book_0004', '', '戦国策写本', '4', 'なし', '0', 'Unknown', 'Sprite', '6', '5', '1');
insert into calc_db.unitlist_unit(unit_enable, unit_no, unit_id, sub_name, jp_name, rarity, skill_desc, skill_wait, gender, race, attribute_id, role_id, unit_type_id) values('1', '129', 'spear_0008', '', 'パルチザン', '4', 'なし', '0', 'Unknown', 'Sprite', '6', '5', '1');
insert into calc_db.unitlist_unit(unit_enable, unit_no, unit_id, sub_name, jp_name, rarity, skill_desc, skill_wait, gender, race, attribute_id, role_id, unit_type_id) values('1', '130', 'bow_0007', '', 'コンパウンドボウ', '4', 'なし', '0', 'Unknown', 'Sprite', '6', '5', '1');
insert into calc_db.unitlist_unit(unit_enable, unit_no, unit_id, sub_name, jp_name, rarity, skill_desc, skill_wait, gender, race, attribute_id, role_id, unit_type_id) values('1', '131', 'fist_0007', '', 'パワードアーム', '4', 'なし', '0', 'Unknown', 'Sprite', '6', '5', '1');
insert into calc_db.unitlist_unit(unit_enable, unit_no, unit_id, sub_name, jp_name, rarity, skill_desc, skill_wait, gender, race, attribute_id, role_id, unit_type_id) values('1', '132', 'axe_0007', '', 'トマホーク', '4', 'なし', '0', 'Unknown', 'Sprite', '6', '5', '1');
insert into calc_db.unitlist_unit(unit_enable, unit_no, unit_id, sub_name, jp_name, rarity, skill_desc, skill_wait, gender, race, attribute_id, role_id, unit_type_id) values('1', '133', 'spear_0009', '', '珊瑚の槍', '4', 'なし', '0', 'Unknown', 'Sprite', '6', '5', '1');
insert into calc_db.unitlist_unit(unit_enable, unit_no, unit_id, sub_name, jp_name, rarity, skill_desc, skill_wait, gender, race, attribute_id, role_id, unit_type_id) values('1', '134', 'shield_0015', '', 'リンドヴルム', '4', 'なし', '0', 'Unknown', 'Sprite', '6', '5', '1');
insert into calc_db.unitlist_unit(unit_enable, unit_no, unit_id, sub_name, jp_name, rarity, skill_desc, skill_wait, gender, race, attribute_id, role_id, unit_type_id) values('1', '135', 'sword_0023_april', '', '幻想のにんじん剣', '3', 'なし', '0', 'Unknown', 'Sprite', '6', '5', '1');
insert into calc_db.unitlist_unit(unit_enable, unit_no, unit_id, sub_name, jp_name, rarity, skill_desc, skill_wait, gender, race, attribute_id, role_id, unit_type_id) values('1', '136', 'spear_0013', '', '偃月刀', '3', 'なし', '0', 'Unknown', 'Sprite', '4', '5', '1');
insert into calc_db.unitlist_unit(unit_enable, unit_no, unit_id, sub_name, jp_name, rarity, skill_desc, skill_wait, gender, race, attribute_id, role_id, unit_type_id) values('1', '137', 'sword_0013', '', 'フランベルジュ', '3', 'なし', '0', 'Unknown', 'Sprite', '4', '5', '1');
insert into calc_db.unitlist_unit(unit_enable, unit_no, unit_id, sub_name, jp_name, rarity, skill_desc, skill_wait, gender, race, attribute_id, role_id, unit_type_id) values('0', '138', 'tmp0001', '', 'レイザーピルム', '3', 'なし', '0', 'Unknown', 'Sprite', '4', '5', '1');
insert into calc_db.unitlist_unit(unit_enable, unit_no, unit_id, sub_name, jp_name, rarity, skill_desc, skill_wait, gender, race, attribute_id, role_id, unit_type_id) values('1', '139', 'book_0002', '', 'レヒニッツ写本', '3', 'なし', '0', 'Unknown', 'Sprite', '5', '5', '1');
insert into calc_db.unitlist_unit(unit_enable, unit_no, unit_id, sub_name, jp_name, rarity, skill_desc, skill_wait, gender, race, attribute_id, role_id, unit_type_id) values('1', '140', 'axe_0011', '', 'バイキングアクス', '3', 'なし', '0', 'Unknown', 'Sprite', '5', '5', '1');
insert into calc_db.unitlist_unit(unit_enable, unit_no, unit_id, sub_name, jp_name, rarity, skill_desc, skill_wait, gender, race, attribute_id, role_id, unit_type_id) values('1', '141', 'fist_0022', '', 'カオスナックル', '3', 'なし', '0', 'Unknown', 'Sprite', '5', '5', '1');
insert into calc_db.unitlist_unit(unit_enable, unit_no, unit_id, sub_name, jp_name, rarity, skill_desc, skill_wait, gender, race, attribute_id, role_id, unit_type_id) values('1', '142', 'spear_0007', '', 'パイク', '3', 'なし', '0', 'Unknown', 'Sprite', '0', '5', '1');
insert into calc_db.unitlist_unit(unit_enable, unit_no, unit_id, sub_name, jp_name, rarity, skill_desc, skill_wait, gender, race, attribute_id, role_id, unit_type_id) values('1', '143', 'fist_0006', '', 'ムーンパタ', '3', 'なし', '0', 'Unknown', 'Sprite', '0', '5', '1');
insert into calc_db.unitlist_unit(unit_enable, unit_no, unit_id, sub_name, jp_name, rarity, skill_desc, skill_wait, gender, race, attribute_id, role_id, unit_type_id) values('1', '144', 'staff_0003', '', '司祭の杖', '3', 'なし', '0', 'Unknown', 'Sprite', '1', '5', '1');
insert into calc_db.unitlist_unit(unit_enable, unit_no, unit_id, sub_name, jp_name, rarity, skill_desc, skill_wait, gender, race, attribute_id, role_id, unit_type_id) values('1', '145', 'sword_0007', '', 'カトラス', '3', 'なし', '0', 'Unknown', 'Sprite', '1', '5', '1');
insert into calc_db.unitlist_unit(unit_enable, unit_no, unit_id, sub_name, jp_name, rarity, skill_desc, skill_wait, gender, race, attribute_id, role_id, unit_type_id) values('1', '146', 'axe_0006', '', 'ウォーサイズ', '3', 'なし', '0', 'Unknown', 'Sprite', '2', '5', '1');
insert into calc_db.unitlist_unit(unit_enable, unit_no, unit_id, sub_name, jp_name, rarity, skill_desc, skill_wait, gender, race, attribute_id, role_id, unit_type_id) values('1', '147', 'book_0010', '', 'ピレボス', '3', 'なし', '0', 'Unknown', 'Sprite', '2', '5', '1');
insert into calc_db.unitlist_unit(unit_enable, unit_no, unit_id, sub_name, jp_name, rarity, skill_desc, skill_wait, gender, race, attribute_id, role_id, unit_type_id) values('1', '148', 'sword_0027', '', 'エレキダガー', '3', 'なし', '0', 'Unknown', 'Sprite', '2', '5', '1');
insert into calc_db.unitlist_unit(unit_enable, unit_no, unit_id, sub_name, jp_name, rarity, skill_desc, skill_wait, gender, race, attribute_id, role_id, unit_type_id) values('1', '149', 'bow_0003', '', 'ロングボウ', '3', 'なし', '0', 'Unknown', 'Sprite', '3', '5', '1');
insert into calc_db.unitlist_unit(unit_enable, unit_no, unit_id, sub_name, jp_name, rarity, skill_desc, skill_wait, gender, race, attribute_id, role_id, unit_type_id) values('1', '150', 'shield_0009', '', 'ナイトシールド', '3', 'なし', '0', 'Unknown', 'Sprite', '3', '5', '1');
insert into calc_db.unitlist_unit(unit_enable, unit_no, unit_id, sub_name, jp_name, rarity, skill_desc, skill_wait, gender, race, attribute_id, role_id, unit_type_id) values('1', '151', 'shield_0017', '', 'エアリアクター', '3', 'なし', '0', 'Unknown', 'Sprite', '3', '5', '1');
insert into calc_db.unitlist_unit(unit_enable, unit_no, unit_id, sub_name, jp_name, rarity, skill_desc, skill_wait, gender, race, attribute_id, role_id, unit_type_id) values('1', '152', 'book_0005', '', '嘘の書', '3', 'なし', '0', 'Unknown', 'Sprite', '6', '5', '1');
insert into calc_db.unitlist_unit(unit_enable, unit_no, unit_id, sub_name, jp_name, rarity, skill_desc, skill_wait, gender, race, attribute_id, role_id, unit_type_id) values('1', '153', 'sword_0008', '', 'グラスブレード', '3', 'なし', '0', 'Unknown', 'Sprite', '6', '5', '1');
insert into calc_db.unitlist_unit(unit_enable, unit_no, unit_id, sub_name, jp_name, rarity, skill_desc, skill_wait, gender, race, attribute_id, role_id, unit_type_id) values('1', '154', 'bow_0006', '', 'クロスボウ', '3', 'なし', '0', 'Unknown', 'Sprite', '6', '5', '1');
insert into calc_db.unitlist_unit(unit_enable, unit_no, unit_id, sub_name, jp_name, rarity, skill_desc, skill_wait, gender, race, attribute_id, role_id, unit_type_id) values('1', '155', 'staff_0007', '', 'マジックケーン', '3', 'なし', '0', 'Unknown', 'Sprite', '6', '5', '1');
insert into calc_db.unitlist_unit(unit_enable, unit_no, unit_id, sub_name, jp_name, rarity, skill_desc, skill_wait, gender, race, attribute_id, role_id, unit_type_id) values('1', '156', 'spear_0012', '', 'クーゼ', '3', 'なし', '0', 'Unknown', 'Sprite', '6', '5', '1');
insert into calc_db.unitlist_unit(unit_enable, unit_no, unit_id, sub_name, jp_name, rarity, skill_desc, skill_wait, gender, race, attribute_id, role_id, unit_type_id) values('1', '157', 'shield_0008', '', 'ラピスバックラー', '3', 'なし', '0', 'Unknown', 'Sprite', '6', '5', '1');
insert into calc_db.unitlist_unit(unit_enable, unit_no, unit_id, sub_name, jp_name, rarity, skill_desc, skill_wait, gender, race, attribute_id, role_id, unit_type_id) values('1', '158', 'fist_0010', '', 'ドラググラブ', '3', 'なし', '0', 'Unknown', 'Sprite', '6', '5', '1');
insert into calc_db.unitlist_unit(unit_enable, unit_no, unit_id, sub_name, jp_name, rarity, skill_desc, skill_wait, gender, race, attribute_id, role_id, unit_type_id) values('1', '159', 'axe_0012', '', '牛斧', '3', 'なし', '0', 'Unknown', 'Sprite', '6', '5', '1');
insert into calc_db.unitlist_unit(unit_enable, unit_no, unit_id, sub_name, jp_name, rarity, skill_desc, skill_wait, gender, race, attribute_id, role_id, unit_type_id) values('1', '160', 'fist_0018', '', 'ブラスナックル', '3', 'なし', '0', 'Unknown', 'Sprite', '6', '5', '1');
insert into calc_db.unitlist_unit(unit_enable, unit_no, unit_id, sub_name, jp_name, rarity, skill_desc, skill_wait, gender, race, attribute_id, role_id, unit_type_id) values('1', '161', 'sword_0006', '', '流転の剣', '3', 'なし', '0', 'Unknown', 'Sprite', '6', '5', '1');
insert into calc_db.unitlist_unit(unit_enable, unit_no, unit_id, sub_name, jp_name, rarity, skill_desc, skill_wait, gender, race, attribute_id, role_id, unit_type_id) values('1', '162', 'axe_0003', '', '戦士の斧', '3', 'なし', '0', 'Unknown', 'Sprite', '6', '5', '1');
insert into calc_db.unitlist_unit(unit_enable, unit_no, unit_id, sub_name, jp_name, rarity, skill_desc, skill_wait, gender, race, attribute_id, role_id, unit_type_id) values('1', '163', 'spear_0006', '', '流転の槍', '3', 'なし', '0', 'Unknown', 'Sprite', '6', '5', '1');
insert into calc_db.unitlist_unit(unit_enable, unit_no, unit_id, sub_name, jp_name, rarity, skill_desc, skill_wait, gender, race, attribute_id, role_id, unit_type_id) values('1', '164', 'staff_0002', '', '流転の杖', '3', 'なし', '0', 'Unknown', 'Sprite', '6', '5', '1');
insert into calc_db.unitlist_unit(unit_enable, unit_no, unit_id, sub_name, jp_name, rarity, skill_desc, skill_wait, gender, race, attribute_id, role_id, unit_type_id) values('1', '165', 'staff_0010', '', '戦士の棍棒', '3', 'なし', '0', 'Unknown', 'Sprite', '6', '5', '1');
insert into calc_db.unitlist_unit(unit_enable, unit_no, unit_id, sub_name, jp_name, rarity, skill_desc, skill_wait, gender, race, attribute_id, role_id, unit_type_id) values('1', '166', 'shield_0002', '', '戦士の盾', '3', 'なし', '0', 'Unknown', 'Sprite', '6', '5', '1');
insert into calc_db.unitlist_unit(unit_enable, unit_no, unit_id, sub_name, jp_name, rarity, skill_desc, skill_wait, gender, race, attribute_id, role_id, unit_type_id) values('1', '167', 'fist_0001', '', '無銘の拳具', '2', 'なし', '0', 'Unknown', 'Sprite', '6', '5', '1');
insert into calc_db.unitlist_unit(unit_enable, unit_no, unit_id, sub_name, jp_name, rarity, skill_desc, skill_wait, gender, race, attribute_id, role_id, unit_type_id) values('1', '168', 'sword_0002', '', '無銘の長剣', '2', 'なし', '0', 'Unknown', 'Sprite', '6', '5', '1');
insert into calc_db.unitlist_unit(unit_enable, unit_no, unit_id, sub_name, jp_name, rarity, skill_desc, skill_wait, gender, race, attribute_id, role_id, unit_type_id) values('1', '169', 'spear_0001', '', '無銘の槍', '2', 'なし', '0', 'Unknown', 'Sprite', '6', '5', '1');
insert into calc_db.unitlist_unit(unit_enable, unit_no, unit_id, sub_name, jp_name, rarity, skill_desc, skill_wait, gender, race, attribute_id, role_id, unit_type_id) values('1', '170', 'bow_0001', '', '無銘の弓', '2', 'なし', '0', 'Unknown', 'Sprite', '6', '5', '1');
insert into calc_db.unitlist_unit(unit_enable, unit_no, unit_id, sub_name, jp_name, rarity, skill_desc, skill_wait, gender, race, attribute_id, role_id, unit_type_id) values('1', '171', 'book_0001', '', '無銘の古書', '2', 'なし', '0', 'Unknown', 'Sprite', '6', '5', '1');
insert into calc_db.unitlist_unit(unit_enable, unit_no, unit_id, sub_name, jp_name, rarity, skill_desc, skill_wait, gender, race, attribute_id, role_id, unit_type_id) values('1', '172', 'axe_0001', '', '無銘の斧', '2', 'なし', '0', 'Unknown', 'Sprite', '6', '5', '1');
insert into calc_db.unitlist_unit(unit_enable, unit_no, unit_id, sub_name, jp_name, rarity, skill_desc, skill_wait, gender, race, attribute_id, role_id, unit_type_id) values('1', '173', 'sword_0001', '', '古びた短剣', '1', 'なし', '0', 'Unknown', 'Sprite', '6', '5', '1');
insert into calc_db.unitlist_unit(unit_enable, unit_no, unit_id, sub_name, jp_name, rarity, skill_desc, skill_wait, gender, race, attribute_id, role_id, unit_type_id) values('1', '174', 'staff_0001', '', '古びた杖', '1', 'なし', '0', 'Unknown', 'Sprite', '6', '5', '1');
insert into calc_db.unitlist_unit(unit_enable, unit_no, unit_id, sub_name, jp_name, rarity, skill_desc, skill_wait, gender, race, attribute_id, role_id, unit_type_id) values('1', '175', 'shield_0001', '', '古びた盾', '1', 'なし', '0', 'Unknown', 'Sprite', '6', '5', '1');
